{"loss": [0.6364098787307739, 0.5460699200630188, 0.5199217200279236, 0.5073065161705017, 0.5007818341255188, 0.4963337779045105, 0.49354761838912964, 0.4914001226425171, 0.4896695911884308, 0.4879067540168762, 0.48680105805397034, 0.4857868254184723, 0.48505499958992004, 0.48430612683296204, 0.4833458960056305, 0.48257753252983093, 0.482149600982666, 0.4815743863582611, 0.4812283217906952, 0.4807359576225281, 0.4801129698753357, 0.4800656735897064, 0.4796201288700104, 0.47914668917655945, 0.479044646024704, 0.4788055419921875, 0.47861677408218384, 0.4783506393432617, 0.4780210554599762, 0.4779500365257263, 0.477710098028183, 0.4774845540523529, 0.47734034061431885, 0.47710856795310974, 0.4770685136318207, 0.47686415910720825, 0.4765748679637909, 0.47649455070495605, 0.47655919194221497, 0.4763741195201874, 0.47612181305885315, 0.4760986566543579, 0.4761483669281006, 0.47578001022338867, 0.47589409351348877, 0.47580575942993164, 0.4756937623023987, 0.47563353180885315, 0.4754277467727661, 0.47520866990089417, 0.4755389094352722, 0.4753608703613281, 0.4751346707344055, 0.4749913513660431, 0.47500666975975037, 0.4749840497970581, 0.47483959794044495, 0.47485655546188354, 0.47474703192710876, 0.4748044013977051, 0.4746819734573364, 0.4745825231075287, 0.4746062755584717, 0.47456276416778564, 0.4744103252887726, 0.47446295619010925, 0.4744188189506531, 0.4744729995727539, 0.4742531478404999, 0.47418221831321716, 0.47414639592170715, 0.47415730357170105, 0.47403794527053833, 0.4740894138813019, 0.47407811880111694, 0.4739108085632324, 0.4738810062408447, 0.47390016913414, 0.4737066626548767, 0.4738447368144989, 0.4736051559448242, 0.4738141596317291, 0.47372105717658997, 0.47370660305023193, 0.47378218173980713, 0.47346231341362, 0.47369420528411865, 0.4733498990535736, 0.4736287295818329, 0.4735800325870514, 0.4732208549976349, 0.4735468626022339, 0.4733489155769348, 0.4733504056930542, 0.47345224022865295, 0.47327882051467896, 0.47331565618515015, 0.47326433658599854, 0.4733092784881592, 0.47326362133026123], "accuracy": [0.6597089767456055, 0.7327874898910522, 0.7472754716873169, 0.753682017326355, 0.7572092413902283, 0.7599790096282959, 0.7613515257835388, 0.7626197338104248, 0.7637320160865784, 0.764671266078949, 0.765335738658905, 0.7658112645149231, 0.7663387656211853, 0.7668060064315796, 0.7673770189285278, 0.7679592370986938, 0.7681267261505127, 0.768417477607727, 0.7686307430267334, 0.7689792513847351, 0.7693079710006714, 0.7694385051727295, 0.7696920037269592, 0.7699235081672668, 0.7697617411613464, 0.7702909708023071, 0.7702412605285645, 0.7704495191574097, 0.7706172466278076, 0.7707212567329407, 0.7708805203437805, 0.7710027694702148, 0.7712454795837402, 0.7712377309799194, 0.771205484867096, 0.7714012265205383, 0.771503746509552, 0.7717235088348389, 0.7714272737503052, 0.771654486656189, 0.7716562747955322, 0.7717607617378235, 0.7717545032501221, 0.7718740105628967, 0.771814227104187, 0.7718687653541565, 0.7721332311630249, 0.7718415260314941, 0.7723507285118103, 0.7721922397613525, 0.7721834778785706, 0.7722022533416748, 0.7723592519760132, 0.7723615169525146, 0.772284984588623, 0.772397518157959, 0.7724515199661255, 0.7726807594299316, 0.7724779844284058, 0.7725675106048584, 0.7727387547492981, 0.772820770740509, 0.772587239742279, 0.7727037668228149, 0.772798478603363, 0.7727054953575134, 0.7728304862976074, 0.7727142572402954, 0.7727657556533813, 0.7730262279510498, 0.7730115056037903, 0.7728777527809143, 0.7728837728500366, 0.7731147408485413, 0.7729372382164001, 0.7730332612991333, 0.7730202674865723, 0.7732627391815186, 0.7730972766876221, 0.7730125188827515, 0.7733622789382935, 0.7731614708900452, 0.7731282711029053, 0.7731840014457703, 0.7730810046195984, 0.7733632326126099, 0.7730985283851624, 0.7733502388000488, 0.7732952237129211, 0.7732667326927185, 0.7733830213546753, 0.773160994052887, 0.7733057737350464, 0.7733942270278931, 0.7734522223472595, 0.7733582258224487, 0.7734182476997375, 0.7734732627868652, 0.7734364867210388, 0.7735832333564758], "auc": [0.7272591590881348, 0.8116592764854431, 0.8284925222396851, 0.8363390564918518, 0.840424120426178, 0.843258261680603, 0.8449891209602356, 0.8463490605354309, 0.8474712371826172, 0.8485994338989258, 0.849303126335144, 0.8499544262886047, 0.8503931164741516, 0.8509197235107422, 0.851534366607666, 0.8520410656929016, 0.8523148894309998, 0.852695107460022, 0.8529217839241028, 0.853262186050415, 0.8536514043807983, 0.8536988496780396, 0.8539835214614868, 0.8543089032173157, 0.8543491363525391, 0.854561448097229, 0.8546572327613831, 0.8548332452774048, 0.8550657033920288, 0.8551117777824402, 0.8552609086036682, 0.8554165959358215, 0.855509877204895, 0.8556604385375977, 0.8556588292121887, 0.8558244705200195, 0.8560157418251038, 0.8560692667961121, 0.8560070395469666, 0.8561401963233948, 0.8563045859336853, 0.8563079237937927, 0.8562646508216858, 0.8564920425415039, 0.8564456701278687, 0.8564765453338623, 0.8565820455551147, 0.8566033840179443, 0.8567392826080322, 0.8568682670593262, 0.8566850423812866, 0.856793999671936, 0.8569411039352417, 0.8570345044136047, 0.8569994568824768, 0.8570447564125061, 0.8571313619613647, 0.8571569919586182, 0.8572080135345459, 0.8571611046791077, 0.8572543263435364, 0.8573294281959534, 0.8572931885719299, 0.8573258519172668, 0.8574450612068176, 0.8573886752128601, 0.8574208617210388, 0.8573899865150452, 0.8575359582901001, 0.8575846552848816, 0.8576369881629944, 0.8575932383537292, 0.857662558555603, 0.857671320438385, 0.8576467633247375, 0.8577821254730225, 0.8577967882156372, 0.8578107953071594, 0.8579103946685791, 0.8578168749809265, 0.8579494953155518, 0.8578158617019653, 0.8579068183898926, 0.8579107522964478, 0.8578366637229919, 0.8580532073974609, 0.857891321182251, 0.8581138253211975, 0.8579704165458679, 0.8579997420310974, 0.8581945896148682, 0.8579914569854736, 0.858121395111084, 0.8581314086914062, 0.8580706715583801, 0.8581677675247192, 0.8581186532974243, 0.8581913709640503, 0.8581650257110596, 0.8581830859184265],