{"loss": [0.6286101937294006, 0.5598480701446533, 0.5408654808998108, 0.5307523608207703, 0.5246714949607849, 0.5200625658035278, 0.5164617300033569, 0.5135123133659363, 0.5108106136322021, 0.5088303089141846, 0.5069881081581116, 0.5051378011703491, 0.5040134787559509, 0.502600371837616, 0.5015659928321838, 0.5005433559417725, 0.4995085299015045, 0.49826326966285706, 0.49768927693367004, 0.4966132640838623, 0.4964078366756439, 0.49528273940086365, 0.4947577714920044, 0.49420756101608276, 0.4935586750507355, 0.4928307831287384, 0.49280011653900146, 0.4922243356704712, 0.49190962314605713, 0.4914727509021759, 0.4909360706806183, 0.4906426966190338, 0.4901997447013855, 0.4897750914096832, 0.48973751068115234, 0.4893287122249603, 0.4888966977596283, 0.4890231788158417, 0.4885530173778534, 0.48819655179977417, 0.4880127012729645, 0.487716943025589, 0.4879666864871979, 0.4876132905483246, 0.48737043142318726, 0.4871924817562103, 0.4872782826423645, 0.48680636286735535, 0.48688581585884094, 0.48659756779670715, 0.4865718185901642, 0.4862580895423889, 0.4860919415950775, 0.4861973524093628, 0.4858214557170868, 0.4858056604862213, 0.4856225550174713, 0.4856753647327423, 0.48550930619239807, 0.48544085025787354, 0.4854508936405182, 0.48530372977256775, 0.48518145084381104, 0.4850899279117584, 0.4848417043685913, 0.48506787419319153, 0.4847792387008667, 0.4846879243850708, 0.4847868084907532, 0.4846802055835724, 0.4845041036605835, 0.48430925607681274, 0.48455220460891724, 0.4843558073043823, 0.4842352271080017, 0.4842394292354584, 0.48419618606567383, 0.4841494560241699, 0.4840119481086731, 0.4839589297771454, 0.484026163816452, 0.4838417172431946, 0.48393571376800537, 0.48385539650917053, 0.4837014377117157, 0.4837741553783417, 0.4839853048324585, 0.4835873246192932, 0.4835236370563507, 0.48352235555648804, 0.483513206243515, 0.48346707224845886, 0.48335036635398865, 0.4834785759449005, 0.48344776034355164, 0.48334065079689026, 0.483350932598114, 0.4831291735172272, 0.48332104086875916, 0.4831598699092865], "accuracy": [0.6676472425460815, 0.7236120104789734, 0.7349772453308105, 0.7410022616386414, 0.7442992329597473, 0.7465567588806152, 0.7482759952545166, 0.7497877478599548, 0.7511542439460754, 0.7524185180664062, 0.7533617615699768, 0.7542957663536072, 0.7549097537994385, 0.7554912567138672, 0.7561107277870178, 0.7565680146217346, 0.7570712566375732, 0.7577555179595947, 0.7581232786178589, 0.7583342790603638, 0.758537769317627, 0.7591484785079956, 0.7595257759094238, 0.75975102186203, 0.7601762413978577, 0.7606242299079895, 0.7603449821472168, 0.7606952786445618, 0.7608252763748169, 0.7610635161399841, 0.7613605260848999, 0.7615154981613159, 0.7618064880371094, 0.7619447708129883, 0.7618877291679382, 0.7621622681617737, 0.7623862624168396, 0.7622864842414856, 0.7625194787979126, 0.7626559734344482, 0.7627487778663635, 0.762970507144928, 0.762814998626709, 0.7629262208938599, 0.7632312774658203, 0.763233482837677, 0.7631660103797913, 0.7634152770042419, 0.7632949948310852, 0.7637749910354614, 0.7634519934654236, 0.7637029886245728, 0.7638494968414307, 0.7637737393379211, 0.7638577222824097, 0.7640807628631592, 0.7640567421913147, 0.7640857696533203, 0.7641645073890686, 0.7641457319259644, 0.7641285061836243, 0.7642390131950378, 0.7642714977264404, 0.7644172310829163, 0.7644122242927551, 0.7642977237701416, 0.7646955251693726, 0.7645252346992493, 0.7644357681274414, 0.7646732330322266, 0.764657735824585, 0.7648624777793884, 0.7647734880447388, 0.7647767663002014, 0.7648335099220276, 0.7648542523384094, 0.7647327780723572, 0.7650070190429688, 0.7650997638702393, 0.7650862336158752, 0.7650412321090698, 0.7649909853935242, 0.7649955153465271, 0.7650799751281738, 0.7651900053024292, 0.7649662494659424, 0.7650045156478882, 0.7651032209396362, 0.7652450203895569, 0.7653449773788452, 0.7653264999389648, 0.7653222680091858, 0.7652712464332581, 0.7652729749679565, 0.7652377486228943, 0.7653192281723022, 0.7652685046195984, 0.7655967473983765, 0.765421986579895, 0.7653570175170898], "auc": [0.7328884601593018, 0.8004631996154785, 0.8141390681266785, 0.8210357427597046, 0.824936032295227, 0.8277971744537354, 0.8299970626831055, 0.8318307399749756, 0.8335136771202087, 0.8347033858299255, 0.8358263969421387, 0.8369552493095398, 0.8376032114028931, 0.8384197950363159, 0.8390316367149353, 0.8396183252334595, 0.840231716632843, 0.8410226106643677, 0.841305136680603, 0.8419626951217651, 0.8419725298881531, 0.8427225947380066, 0.8430068492889404, 0.8433181643486023, 0.8436987996101379, 0.8441389203071594, 0.8440512418746948, 0.8444070219993591, 0.8445573449134827, 0.8448137640953064, 0.845130205154419, 0.8452777862548828, 0.8455644845962524, 0.8457826972007751, 0.8457657694816589, 0.8460279107093811, 0.8462937474250793, 0.8461480736732483, 0.8464798331260681, 0.8466926217079163, 0.8467832803726196, 0.8469794988632202, 0.8467622399330139, 0.8469884395599365, 0.8471570611000061, 0.8472530245780945, 0.8471890687942505, 0.8474863767623901, 0.8474036455154419, 0.8476167917251587, 0.847597599029541, 0.8478120565414429, 0.8479138016700745, 0.8478224277496338, 0.8480456471443176, 0.8480852842330933, 0.8481945991516113, 0.8481459617614746, 0.8482556343078613, 0.8482829332351685, 0.8482924103736877, 0.8483542203903198, 0.848449170589447, 0.848521888256073, 0.8486745357513428, 0.8485053181648254, 0.8487178087234497, 0.8487420082092285, 0.8487014174461365, 0.8487692475318909, 0.8488708138465881, 0.848993182182312, 0.848820149898529, 0.848950207233429, 0.8490263819694519, 0.8490217924118042, 0.8490552306175232, 0.8490938544273376, 0.8491854667663574, 0.8492137789726257, 0.8491640686988831, 0.8492715358734131, 0.8491989970207214, 0.8492619395256042, 0.8493537306785583, 0.8492902517318726, 0.8491634130477905, 0.8494239449501038, 0.8494670987129211, 0.8494566082954407, 0.8494753837585449, 0.849478006362915, 0.8495626449584961, 0.8495029211044312, 0.8494792580604553, 0.8495684862136841, 0.849552571773529, 0.849697470664978, 0.8495888710021973, 0.8496799468994141],