{"loss": [0.6405667066574097, 0.5425958037376404, 0.5201975107192993, 0.509918749332428, 0.5041660666465759, 0.5000101327896118, 0.4970703721046448, 0.4947342574596405, 0.4924541115760803, 0.4908849000930786, 0.4895855486392975, 0.48811712861061096, 0.4869193732738495, 0.4860365390777588, 0.4852779507637024, 0.48459941148757935, 0.4838150441646576, 0.483127236366272, 0.4826907515525818, 0.48233479261398315, 0.4818982779979706, 0.4813874065876007, 0.4811207354068756, 0.4807141125202179, 0.48038533329963684, 0.47968581318855286, 0.47981998324394226, 0.4793964922428131, 0.47933053970336914, 0.4789407253265381, 0.4786492586135864, 0.4785976707935333, 0.47851628065109253, 0.47818708419799805, 0.4781031310558319, 0.47784629464149475, 0.4776323437690735, 0.477666974067688, 0.4774109423160553, 0.4772232174873352, 0.47715866565704346, 0.4769620895385742, 0.47680091857910156, 0.4764558672904968, 0.47658827900886536, 0.4764108955860138, 0.476296603679657, 0.47638991475105286, 0.4762234389781952, 0.4760354161262512, 0.47581812739372253, 0.4757949113845825, 0.4758206605911255, 0.47583454847335815, 0.4756375849246979, 0.47550415992736816, 0.47526901960372925, 0.475196897983551, 0.4754693806171417, 0.4750319719314575, 0.4749715030193329, 0.4750159978866577, 0.4750569462776184, 0.4747730493545532, 0.47477999329566956, 0.4747419059276581, 0.4747616946697235, 0.47459718585014343, 0.4744976758956909, 0.47439268231391907, 0.47442105412483215, 0.4743020832538605, 0.4743531346321106, 0.47436538338661194, 0.4744119346141815, 0.47420093417167664, 0.4742463529109955, 0.47412657737731934, 0.4742146134376526, 0.47398388385772705, 0.4740561246871948, 0.4739478826522827, 0.47393670678138733, 0.4739415645599365, 0.47382259368896484, 0.4738830327987671, 0.47379472851753235, 0.47373372316360474, 0.4737595021724701, 0.473694771528244, 0.4739936292171478, 0.4736318290233612, 0.4737808108329773, 0.47360241413116455, 0.4736238420009613, 0.473707914352417, 0.47363534569740295, 0.47362929582595825, 0.4734799265861511, 0.47331422567367554], "accuracy": [0.6539224982261658, 0.7351340055465698, 0.7473515272140503, 0.7527639865875244, 0.7555957436561584, 0.7580044865608215, 0.7596457600593567, 0.7609337568283081, 0.7622872591018677, 0.7632232308387756, 0.7640644907951355, 0.7648555040359497, 0.7655437588691711, 0.7659559845924377, 0.7664899826049805, 0.7670212388038635, 0.7675707340240479, 0.7677887678146362, 0.7679657340049744, 0.7681909799575806, 0.7684357762336731, 0.7688084840774536, 0.7690502405166626, 0.7691890001296997, 0.7695392370223999, 0.769815981388092, 0.7697659730911255, 0.7701047658920288, 0.7701537609100342, 0.7702630162239075, 0.7705295085906982, 0.7704272270202637, 0.7704190015792847, 0.7707754969596863, 0.7707317471504211, 0.771020233631134, 0.7711799740791321, 0.7710809707641602, 0.7712699770927429, 0.7711809873580933, 0.7712702751159668, 0.7713930010795593, 0.7715997695922852, 0.7716695070266724, 0.7717009782791138, 0.7717959880828857, 0.7718819975852966, 0.7719022631645203, 0.7719569802284241, 0.7719854712486267, 0.7720950245857239, 0.7722010016441345, 0.7720602750778198, 0.772190272808075, 0.772419273853302, 0.7724134922027588, 0.7726100087165833, 0.772444486618042, 0.7724890112876892, 0.7727059721946716, 0.7728539705276489, 0.7727052569389343, 0.772548496723175, 0.7729352712631226, 0.7726837396621704, 0.7728220224380493, 0.7728912234306335, 0.7728474736213684, 0.77275151014328, 0.7730552554130554, 0.7730657458305359, 0.772970974445343, 0.773022472858429, 0.7729552388191223, 0.7730932235717773, 0.7729840278625488, 0.7731034755706787, 0.773334264755249, 0.7733349800109863, 0.7732750177383423, 0.77311772108078, 0.7731994986534119, 0.773209273815155, 0.773455023765564, 0.7734485268592834, 0.7731477618217468, 0.7733225226402283, 0.7733384966850281, 0.7732539772987366, 0.7734364867210388, 0.7732892632484436, 0.7734289765357971, 0.7734282612800598, 0.7735390067100525, 0.7734619975090027, 0.7734362483024597, 0.7735297679901123, 0.7735362648963928, 0.7735549807548523, 0.7736347317695618], "auc": [0.7193640470504761, 0.8142699599266052, 0.8285458087921143, 0.8348572254180908, 0.8384295701980591, 0.8410624265670776, 0.8428914546966553, 0.844398558139801, 0.8459265232086182, 0.8468891978263855, 0.8477425575256348, 0.8486929535865784, 0.8495134711265564, 0.8500467538833618, 0.8505664467811584, 0.8510205745697021, 0.851523220539093, 0.8519405722618103, 0.8522303700447083, 0.8524673581123352, 0.8527639508247375, 0.853083074092865, 0.8532660603523254, 0.8534982204437256, 0.8537457585334778, 0.8541758060455322, 0.854077160358429, 0.8543874621391296, 0.8544178605079651, 0.8546806573867798, 0.8548703193664551, 0.8548859357833862, 0.8549684286117554, 0.8551675081253052, 0.855213463306427, 0.8553897738456726, 0.8555217385292053, 0.8555008172988892, 0.8556771278381348, 0.8557814955711365, 0.8558126091957092, 0.8559538722038269, 0.8560638427734375, 0.8562856912612915, 0.8562041521072388, 0.8563136458396912, 0.8564050197601318, 0.856326699256897, 0.8564507961273193, 0.8565342426300049, 0.8567079901695251, 0.856709897518158, 0.8566809892654419, 0.8566787838935852, 0.856844961643219, 0.8569189310073853, 0.8570652008056641, 0.8570961356163025, 0.8569107055664062, 0.8572297692298889, 0.8572510480880737, 0.8572350144386292, 0.8572084307670593, 0.8573874831199646, 0.8573538661003113, 0.8573999404907227, 0.8574060797691345, 0.8574916124343872, 0.8575494885444641, 0.8576352000236511, 0.8575941920280457, 0.857682466506958, 0.8576231002807617, 0.8576265573501587, 0.8576216101646423, 0.8577352166175842, 0.8577260375022888, 0.8578195571899414, 0.8577587008476257, 0.8578948974609375, 0.8578413724899292, 0.857934832572937, 0.8579259514808655, 0.8579467535018921, 0.8580231666564941, 0.8579521179199219, 0.8580262660980225, 0.8580790758132935, 0.8580464720726013, 0.858116865158081, 0.8578930497169495, 0.8581541180610657, 0.8580350279808044, 0.8581607937812805, 0.8581439852714539, 0.8580923080444336, 0.8581715822219849, 0.8581581115722656, 0.858253538608551, 0.8583544492721558],