{"loss": [0.6259610056877136, 0.5364815592765808, 0.5156456232070923, 0.5065107345581055, 0.5003096461296082, 0.49651193618774414, 0.49348095059394836, 0.49123895168304443, 0.48882460594177246, 0.48688772320747375, 0.48538729548454285, 0.48418745398521423, 0.4825073182582855, 0.4815721809864044, 0.4805390238761902, 0.4794434905052185, 0.47873976826667786, 0.47800350189208984, 0.4775479733943939, 0.47671517729759216, 0.47633665800094604, 0.47578784823417664, 0.4751051366329193, 0.4747133255004883, 0.47426652908325195, 0.4740169942378998, 0.4735528230667114, 0.4730633795261383, 0.47269493341445923, 0.472514271736145, 0.47203919291496277, 0.4718511998653412, 0.4714883863925934, 0.4711068570613861, 0.470878541469574, 0.47084417939186096, 0.47053515911102295, 0.4700564742088318, 0.4700429439544678, 0.4699890911579132, 0.4695602357387543, 0.4695992171764374, 0.46950680017471313, 0.4692116975784302, 0.4690239131450653, 0.46903371810913086, 0.4687570631504059, 0.4686841368675232, 0.4685438871383667, 0.46844837069511414, 0.46826478838920593, 0.4683986008167267, 0.4681490361690521, 0.4681722819805145, 0.4681400954723358, 0.46763876080513, 0.46763256192207336, 0.4676074683666229, 0.4676326811313629, 0.4676547646522522, 0.46735748648643494, 0.46721163392066956, 0.46735939383506775, 0.46732744574546814, 0.46722397208213806, 0.46710139513015747, 0.46717512607574463, 0.4669037163257599, 0.46700936555862427, 0.4668205678462982, 0.4669443964958191, 0.46654218435287476, 0.46666988730430603, 0.4665592312812805, 0.4665718674659729, 0.46655163168907166, 0.46644842624664307, 0.46631401777267456, 0.4663592576980591, 0.4663756489753723, 0.4661090075969696, 0.4662083685398102, 0.46610161662101746, 0.4661494493484497, 0.46608951687812805, 0.4661259055137634, 0.46602681279182434, 0.4659714996814728, 0.4657043516635895, 0.4660552442073822, 0.4656408131122589, 0.46578195691108704, 0.46561306715011597, 0.4655849039554596, 0.46576377749443054, 0.46560022234916687, 0.46551087498664856, 0.46553072333335876, 0.46538326144218445, 0.46543586254119873], "accuracy": [0.6877967715263367, 0.7425652742385864, 0.7520080208778381, 0.756780743598938, 0.7602547407150269, 0.7625700235366821, 0.7643899917602539, 0.7658035159111023, 0.7673282623291016, 0.7686020135879517, 0.7695339918136597, 0.7703192234039307, 0.7712857723236084, 0.7719780206680298, 0.772695779800415, 0.7733267545700073, 0.77378249168396, 0.7743922472000122, 0.7745050191879272, 0.7751257419586182, 0.7753617763519287, 0.7757329940795898, 0.7763165235519409, 0.7763067483901978, 0.7768874764442444, 0.7769167423248291, 0.7772104740142822, 0.7774674892425537, 0.7777982354164124, 0.778055727481842, 0.7783632278442383, 0.7784237265586853, 0.7787562608718872, 0.7788002490997314, 0.7790042757987976, 0.7790482640266418, 0.7793727517127991, 0.7794187664985657, 0.7795937657356262, 0.7797935009002686, 0.7799197435379028, 0.7798757553100586, 0.7799952626228333, 0.7802762389183044, 0.7802479863166809, 0.7802655100822449, 0.7804237604141235, 0.7804032564163208, 0.7807052731513977, 0.7807134985923767, 0.780727744102478, 0.7806795239448547, 0.780818521976471, 0.7810512781143188, 0.7808154821395874, 0.7812510132789612, 0.7811470031738281, 0.7815147638320923, 0.7812787294387817, 0.7813519835472107, 0.7814167737960815, 0.7814667224884033, 0.7816277742385864, 0.7816525101661682, 0.7815619707107544, 0.781603991985321, 0.7817105054855347, 0.7818800210952759, 0.7817212343215942, 0.7818689942359924, 0.7817320227622986, 0.782087504863739, 0.7818952202796936, 0.7820462584495544, 0.7821787595748901, 0.7821429967880249, 0.7821767330169678, 0.7822312712669373, 0.7821872234344482, 0.782035231590271, 0.7825070023536682, 0.7822229862213135, 0.7822142243385315, 0.7824190258979797, 0.7823277711868286, 0.7824702262878418, 0.7823827266693115, 0.7824569940567017, 0.782484769821167, 0.7825112342834473, 0.7827925086021423, 0.782536506652832, 0.7825472354888916, 0.7825657725334167, 0.7826169729232788, 0.7826457619667053, 0.7826207280158997, 0.7829074859619141, 0.7827227711677551, 0.7827969789505005], "auc": [0.7566149830818176, 0.8226345181465149, 0.8341769576072693, 0.8396408557891846, 0.8436388373374939, 0.8461230397224426, 0.8481647968292236, 0.8497073650360107, 0.8514015078544617, 0.8526894450187683, 0.8537407517433167, 0.8546023964881897, 0.8557259440422058, 0.8563991785049438, 0.8571479320526123, 0.8578751087188721, 0.8583778142929077, 0.8589271903038025, 0.8592249751091003, 0.8598042726516724, 0.8600669503211975, 0.860500693321228, 0.8609386086463928, 0.8611902594566345, 0.8615451455116272, 0.8616822361946106, 0.8620041608810425, 0.8623462319374084, 0.8626214265823364, 0.8627514839172363, 0.8630504608154297, 0.8631567358970642, 0.8634142875671387, 0.8636746406555176, 0.8638643026351929, 0.8638972043991089, 0.8640841245651245, 0.8643766641616821, 0.8644134998321533, 0.8644654750823975, 0.8647409081459045, 0.8647145628929138, 0.8648104071617126, 0.8650152087211609, 0.8651158809661865, 0.8651230335235596, 0.8653333187103271, 0.8653950691223145, 0.8654837012290955, 0.8655557036399841, 0.8656812310218811, 0.8656086325645447, 0.8657829761505127, 0.8657841682434082, 0.8658345937728882, 0.8661492466926575, 0.8661254048347473, 0.8661841154098511, 0.8661842346191406, 0.8661993145942688, 0.8663723468780518, 0.8664547204971313, 0.866392195224762, 0.8664454817771912, 0.8664997220039368, 0.8665832281112671, 0.8665913343429565, 0.8667431473731995, 0.8666478991508484, 0.8667832612991333, 0.8667392134666443, 0.8669781684875488, 0.8668975830078125, 0.8669617176055908, 0.8670098185539246, 0.8670013546943665, 0.8670509457588196, 0.8671735525131226, 0.8671254515647888, 0.8671313524246216, 0.8672975301742554, 0.867276668548584, 0.8672991991043091, 0.8672986030578613, 0.8673524260520935, 0.867332935333252, 0.8673973083496094, 0.8674237728118896, 0.8675757050514221, 0.8674150109291077, 0.8676413297653198, 0.8675857782363892, 0.8676487803459167, 0.8676853775978088, 0.8675796389579773, 0.8677075505256653, 0.8677284717559814, 0.8677759170532227, 0.8678406476974487, 0.8678264617919922],