{"loss": [0.6388620734214783, 0.5535730123519897, 0.5310062170028687, 0.5193219780921936, 0.5123658180236816, 0.507099449634552, 0.5032204389572144, 0.5004981160163879, 0.49816033244132996, 0.49627095460891724, 0.4942815899848938, 0.4929155707359314, 0.49168866872787476, 0.49045538902282715, 0.4892723858356476, 0.48865649104118347, 0.4870625436306, 0.4862264096736908, 0.4850214421749115, 0.48430725932121277, 0.48388323187828064, 0.4831908047199249, 0.48243704438209534, 0.4820718765258789, 0.4814898371696472, 0.4809418022632599, 0.4806864857673645, 0.47994735836982727, 0.47958675026893616, 0.4795437753200531, 0.4791930913925171, 0.4787497818470001, 0.4784033000469208, 0.478262722492218, 0.4781135320663452, 0.47769176959991455, 0.47765016555786133, 0.477411687374115, 0.47714680433273315, 0.4769749343395233, 0.47687992453575134, 0.476535826921463, 0.47658658027648926, 0.4763457477092743, 0.4761931300163269, 0.4758796989917755, 0.47581082582473755, 0.47569629549980164, 0.47566232085227966, 0.47536155581474304, 0.4752885699272156, 0.47525203227996826, 0.4750475585460663, 0.4748839735984802, 0.4749721884727478, 0.4747230112552643, 0.4747488796710968, 0.47456982731819153, 0.4746204614639282, 0.47437676787376404, 0.47436606884002686, 0.47448888421058655, 0.4741094708442688, 0.4741808772087097, 0.4739658832550049, 0.4741005003452301, 0.4740476906299591, 0.47376909852027893, 0.47373709082603455, 0.4736950993537903, 0.4737151563167572, 0.47352340817451477, 0.4735640287399292, 0.47331202030181885, 0.47343188524246216, 0.47318241000175476, 0.4731002151966095, 0.4731559455394745, 0.4731663465499878, 0.4731310307979584, 0.4728758633136749, 0.47317466139793396, 0.47268158197402954, 0.47271591424942017, 0.4729762375354767, 0.472699373960495, 0.4726549983024597, 0.47286275029182434, 0.4725596606731415, 0.4727591872215271, 0.4726012945175171, 0.47252947092056274, 0.47243690490722656, 0.4725477993488312, 0.47242504358291626, 0.4724390506744385, 0.47227999567985535, 0.4721550941467285, 0.4722215533256531, 0.4722769558429718], "accuracy": [0.6584027409553528, 0.7293017506599426, 0.7423444986343384, 0.7486799955368042, 0.7522452473640442, 0.7552220225334167, 0.7571895122528076, 0.758632242679596, 0.7599020004272461, 0.7609739899635315, 0.762072741985321, 0.7627317309379578, 0.7634797692298889, 0.7641270160675049, 0.7649787664413452, 0.7650492787361145, 0.7659710049629211, 0.766526997089386, 0.7672964930534363, 0.7676742672920227, 0.7679027318954468, 0.7682337760925293, 0.7688052654266357, 0.7689212560653687, 0.7689434885978699, 0.7695034742355347, 0.7695522308349609, 0.7701110243797302, 0.7702429890632629, 0.7702155113220215, 0.7701939940452576, 0.7706180214881897, 0.7707792520523071, 0.7709615230560303, 0.771024763584137, 0.771278977394104, 0.7713850140571594, 0.7714287638664246, 0.7715814709663391, 0.7716705203056335, 0.771680474281311, 0.7717222571372986, 0.7718552350997925, 0.7720754742622375, 0.7721365094184875, 0.7723965048789978, 0.7722110152244568, 0.7725632786750793, 0.772518515586853, 0.7725332379341125, 0.7725962400436401, 0.7725754976272583, 0.7727972269058228, 0.7729765176773071, 0.7728672623634338, 0.7729259729385376, 0.7730737328529358, 0.7730042338371277, 0.7728952765464783, 0.7733447551727295, 0.7732617259025574, 0.7729887366294861, 0.7733719944953918, 0.7733399868011475, 0.7734684944152832, 0.7734019756317139, 0.7733204960823059, 0.7737514972686768, 0.7734885215759277, 0.7735462784767151, 0.773580014705658, 0.7736167311668396, 0.7738839983940125, 0.7740622758865356, 0.7737104892730713, 0.7738875150680542, 0.773908257484436, 0.7739109992980957, 0.7738052606582642, 0.7738984823226929, 0.7741892337799072, 0.7739702463150024, 0.7741554975509644, 0.7740780115127563, 0.773964524269104, 0.7740762233734131, 0.7740734815597534, 0.7740535140037537, 0.7741427421569824, 0.7740657329559326, 0.7743157744407654, 0.7741892337799072, 0.7742720246315002, 0.7740832567214966, 0.7741432785987854, 0.774236261844635, 0.7742245197296143, 0.7745404839515686, 0.7744267582893372, 0.7744612693786621], "auc": [0.7226216793060303, 0.8069216012954712, 0.822435200214386, 0.8300889134407043, 0.8344826698303223, 0.8377904295921326, 0.8401574492454529, 0.8417881727218628, 0.8432059288024902, 0.8443529605865479, 0.8455830216407776, 0.84637451171875, 0.8471025228500366, 0.8478451371192932, 0.8485903143882751, 0.8489512205123901, 0.8499804735183716, 0.8505226373672485, 0.8512625694274902, 0.8516978621482849, 0.8519363403320312, 0.8523709177970886, 0.8528602123260498, 0.8530519008636475, 0.8534083962440491, 0.8537701964378357, 0.853875994682312, 0.8543754816055298, 0.8545827269554138, 0.8545631766319275, 0.8547958731651306, 0.8550769090652466, 0.855284571647644, 0.8553603291511536, 0.8554525971412659, 0.8557454943656921, 0.8557230830192566, 0.8558858036994934, 0.8560628294944763, 0.8561511635780334, 0.8562160730361938, 0.8564348220825195, 0.8564079999923706, 0.8565765619277954, 0.856684684753418, 0.8568797707557678, 0.8569068908691406, 0.857010543346405, 0.8570035099983215, 0.8572295904159546, 0.8572518229484558, 0.8572736978530884, 0.8574232459068298, 0.8575417995452881, 0.857477605342865, 0.8576470613479614, 0.857602059841156, 0.8577362298965454, 0.857672393321991, 0.8578697443008423, 0.8578751683235168, 0.8577797412872314, 0.8580484390258789, 0.8579957485198975, 0.858139157295227, 0.8580486178398132, 0.8580970168113708, 0.8582668304443359, 0.8582653999328613, 0.8583043217658997, 0.8582868576049805, 0.8584301471710205, 0.8584141135215759, 0.8585741519927979, 0.8584672808647156, 0.858618974685669, 0.8586919903755188, 0.8586222529411316, 0.8586176037788391, 0.8586575984954834, 0.858829915523529, 0.8586235642433167, 0.8589368462562561, 0.8588965535163879, 0.8587465882301331, 0.8589197397232056, 0.8589353561401367, 0.8587996959686279, 0.8590068817138672, 0.8588894009590149, 0.8589810729026794, 0.8590336441993713, 0.859094500541687, 0.8589998483657837, 0.8590931296348572, 0.8590702414512634, 0.8591949939727783, 0.8592663407325745, 0.8592109680175781, 0.8591835498809814],