{"loss": [0.6286936402320862, 0.5557056665420532, 0.5348533391952515, 0.5243931412696838, 0.5175221562385559, 0.5131950974464417, 0.5096096992492676, 0.5070693492889404, 0.5047788619995117, 0.5030694603919983, 0.5012476444244385, 0.49952247738838196, 0.497860312461853, 0.4962325096130371, 0.4950809180736542, 0.49393683671951294, 0.492897093296051, 0.4918265640735626, 0.4909839630126953, 0.49022626876831055, 0.48971661925315857, 0.4890883266925812, 0.48837536573410034, 0.48782816529273987, 0.4874391257762909, 0.4868590235710144, 0.48647454380989075, 0.4859470725059509, 0.4855652153491974, 0.4851893186569214, 0.4851748049259186, 0.48466888070106506, 0.484040230512619, 0.4838719666004181, 0.4836606979370117, 0.4831768572330475, 0.4829484522342682, 0.48290905356407166, 0.4825575351715088, 0.48242923617362976, 0.48201537132263184, 0.48188456892967224, 0.48176905512809753, 0.4815031588077545, 0.4812332093715668, 0.4809267818927765, 0.48078233003616333, 0.4808694124221802, 0.4807240068912506, 0.4802686274051666, 0.480139821767807, 0.4799909293651581, 0.47976019978523254, 0.47992178797721863, 0.47957471013069153, 0.47952502965927124, 0.47927743196487427, 0.47933316230773926, 0.4790654480457306, 0.4789845943450928, 0.4789290726184845, 0.47882944345474243, 0.47865891456604004, 0.4787885546684265, 0.47842612862586975, 0.4785478115081787, 0.47824493050575256, 0.47826218605041504, 0.47820231318473816, 0.47831782698631287, 0.4779289960861206, 0.4778088331222534, 0.4777766168117523, 0.4777277410030365, 0.47764015197753906, 0.47751641273498535, 0.47774025797843933, 0.4773893356323242, 0.4775010645389557, 0.47728803753852844, 0.47744259238243103, 0.47727587819099426, 0.4772317707538605, 0.47706761956214905, 0.4769035577774048, 0.4770318269729614, 0.477030873298645, 0.47712650895118713, 0.4767431318759918, 0.47674307227134705, 0.4765290319919586, 0.47692379355430603, 0.476563036441803, 0.47652915120124817, 0.47663742303848267, 0.476457804441452, 0.4766124188899994, 0.47631609439849854, 0.47642335295677185, 0.47638872265815735], "accuracy": [0.6707789897918701, 0.7268465161323547, 0.7388845086097717, 0.7447102665901184, 0.748140275478363, 0.7503897547721863, 0.7525447607040405, 0.7537502646446228, 0.7550274729728699, 0.7561615109443665, 0.7570667266845703, 0.7581024765968323, 0.7591057419776917, 0.7600007653236389, 0.7607219815254211, 0.7612519860267639, 0.7617657780647278, 0.7624272704124451, 0.7627599835395813, 0.7632182240486145, 0.7633967399597168, 0.763734757900238, 0.7640567421913147, 0.7642942667007446, 0.7646009922027588, 0.7648512721061707, 0.7650582790374756, 0.7654197216033936, 0.7656062245368958, 0.7659677267074585, 0.7658977508544922, 0.7662167549133301, 0.7663662433624268, 0.7666429877281189, 0.766691267490387, 0.7669602632522583, 0.7669944763183594, 0.767135500907898, 0.7672797441482544, 0.7673699855804443, 0.7676887512207031, 0.7676672339439392, 0.76767897605896, 0.7679227590560913, 0.7680197358131409, 0.7682225108146667, 0.7683312296867371, 0.7682579755783081, 0.7683577537536621, 0.7686987519264221, 0.7685829997062683, 0.7686862349510193, 0.7688597440719604, 0.7687975168228149, 0.7689257264137268, 0.7691402435302734, 0.7691997289657593, 0.7691312432289124, 0.7692412734031677, 0.7691967487335205, 0.7694522738456726, 0.7694100141525269, 0.7693877220153809, 0.769608736038208, 0.7696952223777771, 0.7695752382278442, 0.7698264718055725, 0.7696495056152344, 0.7699192762374878, 0.7697867751121521, 0.7701892256736755, 0.7700344920158386, 0.7700765132904053, 0.7701712250709534, 0.7702500224113464, 0.7701944708824158, 0.7700250148773193, 0.7702580094337463, 0.770208477973938, 0.7703019976615906, 0.7703350186347961, 0.7703527212142944, 0.7703787684440613, 0.7704960107803345, 0.7705442309379578, 0.7704892754554749, 0.7703139781951904, 0.7704640030860901, 0.770631730556488, 0.770610511302948, 0.7705902457237244, 0.7704654932022095, 0.7707007527351379, 0.7706984877586365, 0.7704790234565735, 0.7707932591438293, 0.770847737789154, 0.770891010761261, 0.7708457708358765, 0.7709617614746094], "auc": [0.7367066740989685, 0.8043918013572693, 0.8186993598937988, 0.8256168961524963, 0.8300591707229614, 0.8327845931053162, 0.8350973129272461, 0.8366072177886963, 0.8380790948867798, 0.8391114473342896, 0.8402702212333679, 0.8414149284362793, 0.8424796462059021, 0.843515157699585, 0.844211995601654, 0.8449077606201172, 0.8455274701118469, 0.8461993932723999, 0.8466836810112, 0.8471198678016663, 0.8474074006080627, 0.8477725982666016, 0.8481926321983337, 0.8484975099563599, 0.8487074971199036, 0.8490679860115051, 0.8492622971534729, 0.8496077656745911, 0.8498032093048096, 0.8500424027442932, 0.8500285744667053, 0.8503617644309998, 0.8507584929466248, 0.8508797287940979, 0.8509737253189087, 0.851283609867096, 0.8514357805252075, 0.8514278531074524, 0.8516620397567749, 0.8517528176307678, 0.8520451784133911, 0.8520790338516235, 0.852137565612793, 0.8523151278495789, 0.8524705171585083, 0.8526677489280701, 0.8527612686157227, 0.8526942133903503, 0.8527793884277344, 0.8530964255332947, 0.853165328502655, 0.8532500863075256, 0.8533820509910583, 0.8532876372337341, 0.8534889221191406, 0.8535364270210266, 0.8536718487739563, 0.8536301255226135, 0.8538198471069336, 0.8538545966148376, 0.8538761138916016, 0.8539397120475769, 0.8540605306625366, 0.854002058506012, 0.8542394042015076, 0.8541601300239563, 0.8543308973312378, 0.8542850613594055, 0.8543626070022583, 0.8542693853378296, 0.8545464277267456, 0.8546353578567505, 0.8546522855758667, 0.8546756505966187, 0.8547402620315552, 0.8548069596290588, 0.8546553254127502, 0.8548780083656311, 0.8547868728637695, 0.8549444079399109, 0.8548322319984436, 0.8549708127975464, 0.8549653887748718, 0.8550817370414734, 0.8551927804946899, 0.855126142501831, 0.8550832271575928, 0.8550316095352173, 0.8553143739700317, 0.8552887439727783, 0.8554179072380066, 0.8551609516143799, 0.855399489402771, 0.8554404973983765, 0.855334460735321, 0.8554909229278564, 0.8553881049156189, 0.8555713295936584, 0.8555043339729309, 0.8555336594581604],