{"loss": [0.6288267374038696, 0.5341367125511169, 0.5127378106117249, 0.5045432448387146, 0.4992714822292328, 0.4955902695655823, 0.4927879869937897, 0.4905673861503601, 0.4883633255958557, 0.48689115047454834, 0.48553967475891113, 0.4840659499168396, 0.48285311460494995, 0.4819446802139282, 0.4811673164367676, 0.48031583428382874, 0.47957202792167664, 0.4789102077484131, 0.47826284170150757, 0.47772282361984253, 0.47717830538749695, 0.4770351052284241, 0.47651636600494385, 0.4759548306465149, 0.4757201671600342, 0.4751221239566803, 0.47485634684562683, 0.4745829701423645, 0.47413331270217896, 0.47390854358673096, 0.4736408293247223, 0.47325170040130615, 0.4730718731880188, 0.4729578495025635, 0.4726792871952057, 0.47246986627578735, 0.4722689390182495, 0.4721205532550812, 0.47172659635543823, 0.4712562561035156, 0.4712502956390381, 0.4710098206996918, 0.47065526247024536, 0.4707377552986145, 0.47077494859695435, 0.47038525342941284, 0.4703260362148285, 0.47018080949783325, 0.4699665606021881, 0.4696823060512543, 0.470005065202713, 0.4698186218738556, 0.4695175588130951, 0.46952760219573975, 0.46961942315101624, 0.4692547917366028, 0.46900755167007446, 0.468959242105484, 0.46882590651512146, 0.46880775690078735, 0.4687851667404175, 0.4685095548629761, 0.4684930145740509, 0.4685095250606537, 0.46831294894218445, 0.46836644411087036, 0.46811139583587646, 0.4682687819004059, 0.46788841485977173, 0.46771928668022156, 0.4680282771587372, 0.4677918553352356, 0.4679529666900635, 0.46774500608444214, 0.46773260831832886, 0.46748605370521545, 0.4675857424736023, 0.4676230847835541, 0.4672778248786926, 0.46732521057128906, 0.4671596586704254, 0.46709704399108887, 0.46717414259910583, 0.4672054946422577, 0.4670392870903015, 0.46687981486320496, 0.466788113117218, 0.4668135941028595, 0.46687325835227966, 0.466506689786911, 0.4665833115577698, 0.4666353762149811, 0.4667350649833679, 0.4663512110710144, 0.46648597717285156, 0.46628856658935547, 0.46608981490135193, 0.4661756753921509, 0.46601107716560364, 0.46590831875801086], "accuracy": [0.6860742568969727, 0.7430825233459473, 0.7537132501602173, 0.7579682469367981, 0.7612695097923279, 0.7637027502059937, 0.7653232216835022, 0.7667185068130493, 0.7681635022163391, 0.7691192626953125, 0.7699962258338928, 0.7708752751350403, 0.7717390060424805, 0.7722232341766357, 0.7728675007820129, 0.773385226726532, 0.7739135026931763, 0.7744479775428772, 0.7747217416763306, 0.7750394940376282, 0.7753652334213257, 0.7756839990615845, 0.7759245038032532, 0.7763534784317017, 0.7765824794769287, 0.7771162390708923, 0.7769842743873596, 0.777563750743866, 0.777693510055542, 0.7779175043106079, 0.7779150009155273, 0.7782097458839417, 0.7783077359199524, 0.7782242298126221, 0.7785027623176575, 0.7788232564926147, 0.779066264629364, 0.7790074944496155, 0.7793532609939575, 0.7794479727745056, 0.7795317769050598, 0.7797654867172241, 0.7800874710083008, 0.7799557447433472, 0.7800089716911316, 0.780024528503418, 0.7802429795265198, 0.7802902460098267, 0.7805337309837341, 0.7806052565574646, 0.7803829908370972, 0.7804685235023499, 0.7807782292366028, 0.7809167504310608, 0.7808707356452942, 0.7812229990959167, 0.7810310125350952, 0.7811777591705322, 0.7812734842300415, 0.781413733959198, 0.7814722657203674, 0.7814890146255493, 0.7816232442855835, 0.7816387414932251, 0.7816644906997681, 0.7817287445068359, 0.7819552421569824, 0.7817287445068359, 0.7820125222206116, 0.7823032736778259, 0.7820567488670349, 0.782005250453949, 0.7821295261383057, 0.7820835113525391, 0.7823650240898132, 0.7822727560997009, 0.7823514938354492, 0.7821475267410278, 0.7825539708137512, 0.7825325131416321, 0.7825419902801514, 0.7826514840126038, 0.7826197743415833, 0.7826730012893677, 0.7826362252235413, 0.7827540040016174, 0.7829344868659973, 0.7828980088233948, 0.7828854918479919, 0.7830477356910706, 0.7831709980964661, 0.7832344770431519, 0.7830512523651123, 0.783179521560669, 0.783050000667572, 0.7833402752876282, 0.7833922505378723, 0.7834609746932983, 0.7834527492523193, 0.78364497423172], "auc": [0.7548618912696838, 0.8234730362892151, 0.836016058921814, 0.8410234451293945, 0.8445821404457092, 0.8471400141716003, 0.8490782976150513, 0.8506884574890137, 0.8521474599838257, 0.8532010316848755, 0.8541706204414368, 0.855147123336792, 0.856002151966095, 0.8566533327102661, 0.8571898937225342, 0.8578278422355652, 0.8584079146385193, 0.8588740825653076, 0.859309196472168, 0.8597199320793152, 0.8601289391517639, 0.8602943420410156, 0.8606216311454773, 0.8610587120056152, 0.8612144589424133, 0.8616995215415955, 0.86186283826828, 0.8620944023132324, 0.8623536825180054, 0.862560510635376, 0.8627102375030518, 0.8629738092422485, 0.8631152510643005, 0.8632610440254211, 0.8634356260299683, 0.8635188937187195, 0.8637268543243408, 0.8638582825660706, 0.8641171455383301, 0.864355206489563, 0.8644195795059204, 0.8646103739738464, 0.8648303747177124, 0.8647947311401367, 0.8648282289505005, 0.8650466203689575, 0.865157961845398, 0.8652530312538147, 0.8654172420501709, 0.8655498027801514, 0.8653830289840698, 0.8655039072036743, 0.8657147288322449, 0.8657869100570679, 0.8657585978507996, 0.8659989833831787, 0.8661074638366699, 0.8661884665489197, 0.8662545084953308, 0.8663291335105896, 0.8663710951805115, 0.8665397763252258, 0.8665791749954224, 0.8666196465492249, 0.8666974306106567, 0.8666983842849731, 0.8668766021728516, 0.8667751550674438, 0.8669813871383667, 0.8671259880065918, 0.8669968247413635, 0.8671110272407532, 0.8670790791511536, 0.8671247363090515, 0.8672245740890503, 0.8673419952392578, 0.8673267364501953, 0.8673257827758789, 0.8675071001052856, 0.8675236701965332, 0.8676102757453918, 0.8676676154136658, 0.867609441280365, 0.867605984210968, 0.8677422404289246, 0.867820680141449, 0.8678989410400391, 0.8678680062294006, 0.8678638339042664, 0.8680933117866516, 0.8680666089057922, 0.8680419325828552, 0.8679700493812561, 0.8682212233543396, 0.8681461215019226, 0.868283212184906, 0.8683978915214539, 0.8684009909629822, 0.8684911727905273, 0.8685252070426941],