{"loss": [0.6314876079559326, 0.5492101311683655, 0.5294955372810364, 0.5205789804458618, 0.5141283869743347, 0.5099265575408936, 0.5054579973220825, 0.5025146007537842, 0.5002980828285217, 0.4979344308376312, 0.4953841269016266, 0.4941387176513672, 0.4928177297115326, 0.4916115999221802, 0.490499883890152, 0.48961141705513, 0.4887823462486267, 0.48792320489883423, 0.4872554540634155, 0.48667100071907043, 0.48606160283088684, 0.48558467626571655, 0.4848443865776062, 0.484750360250473, 0.4840988218784332, 0.48399630188941956, 0.48347875475883484, 0.483081191778183, 0.48278379440307617, 0.48247990012168884, 0.48275989294052124, 0.4821273982524872, 0.48180803656578064, 0.48166465759277344, 0.4815109074115753, 0.4811389744281769, 0.48101434111595154, 0.4809226989746094, 0.4808831512928009, 0.48076942563056946, 0.4804684817790985, 0.48029622435569763, 0.48024314641952515, 0.48002108931541443, 0.47978127002716064, 0.47990185022354126, 0.47964805364608765, 0.47964712977409363, 0.4794381260871887, 0.4792657196521759, 0.4792248010635376, 0.4790244996547699, 0.4789973199367523, 0.4788709580898285, 0.47867831587791443, 0.47865402698516846, 0.4786289632320404, 0.4785909950733185, 0.4783388078212738, 0.47815626859664917, 0.47831180691719055, 0.4781796932220459, 0.47792160511016846, 0.4778730869293213, 0.47793808579444885, 0.47761860489845276, 0.47777530550956726, 0.47770360112190247, 0.47768357396125793, 0.47739434242248535, 0.47718116641044617, 0.47745102643966675, 0.4771887958049774, 0.47726181149482727, 0.47678184509277344, 0.47696375846862793, 0.47702810168266296, 0.47695207595825195, 0.47664138674736023, 0.4766615927219391, 0.4766373336315155, 0.47658732533454895, 0.4766448140144348, 0.4764699935913086, 0.4765927493572235, 0.47640296816825867, 0.4763874411582947, 0.476129412651062, 0.4761444330215454, 0.47628188133239746, 0.47611457109451294, 0.47626587748527527, 0.47616687417030334, 0.4758891463279724, 0.4760357737541199, 0.4759347438812256, 0.475883424282074, 0.47596192359924316, 0.47583022713661194, 0.4758034348487854], "accuracy": [0.6667827367782593, 0.7322592735290527, 0.7427660226821899, 0.7473660111427307, 0.750931978225708, 0.7531477212905884, 0.7554075121879578, 0.7570317387580872, 0.7581585049629211, 0.7593682408332825, 0.7607107758522034, 0.7615317702293396, 0.7620545029640198, 0.7627162337303162, 0.7636012434959412, 0.7637274861335754, 0.7643107771873474, 0.7646309733390808, 0.7653737664222717, 0.7654772400856018, 0.765900731086731, 0.7659544944763184, 0.7665414810180664, 0.7667024731636047, 0.7668910026550293, 0.7669020295143127, 0.7672227621078491, 0.7675992250442505, 0.7674527764320374, 0.7680017352104187, 0.7677892446517944, 0.768172025680542, 0.7682355046272278, 0.768248975276947, 0.7684537768363953, 0.7685250043869019, 0.7687762379646301, 0.7686132788658142, 0.7686687707901001, 0.7687255144119263, 0.769012987613678, 0.7689482569694519, 0.7691517472267151, 0.7693085074424744, 0.7692670226097107, 0.7692787647247314, 0.7693824768066406, 0.7693595290184021, 0.7695152759552002, 0.7696114778518677, 0.7695915102958679, 0.7698644995689392, 0.7696557641029358, 0.7698439955711365, 0.7700690031051636, 0.7699692249298096, 0.769833505153656, 0.7700250148773193, 0.7699530124664307, 0.7701870203018188, 0.7700327634811401, 0.7701694965362549, 0.770282506942749, 0.7704845070838928, 0.7703139781951904, 0.7705052495002747, 0.7702710032463074, 0.7704057693481445, 0.7702327370643616, 0.7704642415046692, 0.7707012295722961, 0.7705414891242981, 0.7705674767494202, 0.7706009745597839, 0.7709559798240662, 0.770829975605011, 0.7709057331085205, 0.7707967758178711, 0.77089923620224, 0.7709804773330688, 0.7709792256355286, 0.7712072730064392, 0.7709925174713135, 0.7710285186767578, 0.7710855007171631, 0.7712885141372681, 0.7711427211761475, 0.7712550163269043, 0.7711947560310364, 0.771248996257782, 0.7712284922599792, 0.7713159918785095, 0.7712404727935791, 0.7715397477149963, 0.7714020013809204, 0.7714334726333618, 0.7715395092964172, 0.7714505195617676, 0.7714204788208008, 0.771547257900238], "auc": [0.7330775856971741, 0.8105580806732178, 0.8231141567230225, 0.8285229802131653, 0.8325862884521484, 0.8351544737815857, 0.838002622127533, 0.8397766351699829, 0.841110348701477, 0.8425735235214233, 0.8442022800445557, 0.8449139595031738, 0.8457072973251343, 0.8464505672454834, 0.8471232652664185, 0.847633421421051, 0.8481544256210327, 0.8486472964286804, 0.8490736484527588, 0.8494069576263428, 0.8497926592826843, 0.850062370300293, 0.8505323529243469, 0.8505571484565735, 0.8509554862976074, 0.8510094285011292, 0.8513351082801819, 0.8515990972518921, 0.8517479300498962, 0.8519828915596008, 0.8517976403236389, 0.8521920442581177, 0.8523861765861511, 0.8524644374847412, 0.8525654673576355, 0.8528113961219788, 0.8529024720191956, 0.8529077768325806, 0.8529747724533081, 0.8530293107032776, 0.8532623648643494, 0.853359043598175, 0.8533745408058167, 0.8535293340682983, 0.8536513447761536, 0.8535857200622559, 0.8537501692771912, 0.8537457585334778, 0.8538791537284851, 0.8539816737174988, 0.8539813756942749, 0.8541269302368164, 0.8541396260261536, 0.8542328476905823, 0.854342520236969, 0.8543609976768494, 0.8543424010276794, 0.8543804883956909, 0.8545306921005249, 0.8546457290649414, 0.8545598387718201, 0.8546348214149475, 0.8548302054405212, 0.8548353910446167, 0.8547896146774292, 0.8549959063529968, 0.8548668622970581, 0.8549358248710632, 0.8549455404281616, 0.8551204800605774, 0.8552641272544861, 0.8550744652748108, 0.8552328944206238, 0.8551827669143677, 0.8555112481117249, 0.8553913235664368, 0.8553391695022583, 0.8553752303123474, 0.8556081056594849, 0.8555794954299927, 0.8555836081504822, 0.8556283116340637, 0.855574369430542, 0.8556808233261108, 0.8556140065193176, 0.8557649850845337, 0.8557591438293457, 0.8559175133705139, 0.8558832406997681, 0.8558393120765686, 0.8559319972991943, 0.855839192867279, 0.8559008240699768, 0.8560950756072998, 0.8559802174568176, 0.8560510277748108, 0.8560856580734253, 0.856024980545044, 0.8561106324195862, 0.8561591506004333],