{"loss": [0.6428890824317932, 0.5442480444908142, 0.5223735570907593, 0.5116715431213379, 0.5059800148010254, 0.5014605522155762, 0.49953943490982056, 0.49568861722946167, 0.49375057220458984, 0.4917810261249542, 0.4905534088611603, 0.4890609681606293, 0.48804202675819397, 0.4868464469909668, 0.4861542582511902, 0.48575904965400696, 0.4848991334438324, 0.48438939452171326, 0.48383980989456177, 0.48302537202835083, 0.4825344979763031, 0.4825149178504944, 0.4821862578392029, 0.48175475001335144, 0.48130109906196594, 0.4811120331287384, 0.4806426763534546, 0.48062822222709656, 0.4802567958831787, 0.47981584072113037, 0.47927355766296387, 0.47957560420036316, 0.4792879521846771, 0.47891661524772644, 0.4788150489330292, 0.47896677255630493, 0.4787452816963196, 0.47840502858161926, 0.47811830043792725, 0.4780774414539337, 0.4777710437774658, 0.4779165983200073, 0.47771918773651123, 0.4777299761772156, 0.47733721137046814, 0.4773031175136566, 0.4772430956363678, 0.4771982729434967, 0.47724848985671997, 0.47737646102905273, 0.47711488604545593, 0.4768869876861572, 0.4764963388442993, 0.47657978534698486, 0.4765178859233856, 0.47670039534568787, 0.4763173758983612, 0.47606131434440613, 0.47629833221435547, 0.47620952129364014, 0.4761311709880829, 0.4759230613708496, 0.47605419158935547, 0.47596874833106995, 0.475762277841568, 0.4759674370288849, 0.47573721408843994, 0.475873738527298, 0.47556132078170776, 0.4756268262863159, 0.4754686653614044, 0.47557348012924194, 0.4752900302410126, 0.47545599937438965, 0.4751356542110443, 0.47539177536964417, 0.47534802556037903, 0.4754491448402405, 0.4753859043121338, 0.47529488801956177, 0.4749523401260376, 0.4750989079475403, 0.4748450219631195, 0.4748004674911499, 0.4749484956264496, 0.4749298691749573, 0.47491520643234253, 0.47468453645706177, 0.4749719202518463, 0.4748722314834595, 0.4746624231338501, 0.47477227449417114, 0.4746502637863159, 0.4747908413410187, 0.4745699465274811, 0.47456076741218567, 0.47443443536758423, 0.4743920862674713, 0.4744928181171417, 0.4744517207145691], "accuracy": [0.6532310247421265, 0.7341330051422119, 0.7460535168647766, 0.7513825297355652, 0.7544094920158386, 0.7568510174751282, 0.7580337524414062, 0.7602042555809021, 0.7613617777824402, 0.7623615264892578, 0.7631199955940247, 0.7640682458877563, 0.7645729780197144, 0.7653244733810425, 0.7658489942550659, 0.7661154866218567, 0.7662952542304993, 0.7666640281677246, 0.7670115232467651, 0.7675772309303284, 0.7680150270462036, 0.7678777575492859, 0.7682194709777832, 0.7683719992637634, 0.7685247659683228, 0.7688102722167969, 0.7690037488937378, 0.7691147327423096, 0.7692859768867493, 0.7694882750511169, 0.769941508769989, 0.7697809934616089, 0.7698100209236145, 0.7700315117835999, 0.7702404856681824, 0.770118772983551, 0.7701512575149536, 0.7703417539596558, 0.7706109881401062, 0.7706289887428284, 0.7707589864730835, 0.7707399725914001, 0.7708737254142761, 0.7708330154418945, 0.7711477279663086, 0.7709932327270508, 0.7711242437362671, 0.7711524963378906, 0.7710834741592407, 0.7711164951324463, 0.7712847590446472, 0.7711857557296753, 0.7714430093765259, 0.7714437246322632, 0.7713502645492554, 0.7714020013809204, 0.7715607285499573, 0.7718027234077454, 0.7716747522354126, 0.7716017365455627, 0.7716987729072571, 0.7717224955558777, 0.7718152403831482, 0.7719287276268005, 0.7719169855117798, 0.7718252539634705, 0.7719292640686035, 0.7717015147209167, 0.7720199823379517, 0.7720109820365906, 0.772022008895874, 0.7720067501068115, 0.7720642685890198, 0.7719460129737854, 0.7724417448043823, 0.7719192504882812, 0.7720927596092224, 0.7720102667808533, 0.7720645070075989, 0.7722935080528259, 0.7722577452659607, 0.7723917365074158, 0.772375762462616, 0.7724402546882629, 0.7723362445831299, 0.7725549936294556, 0.772466778755188, 0.7725535035133362, 0.7723302245140076, 0.7723462581634521, 0.7725247740745544, 0.7725337743759155, 0.7725657224655151, 0.7725449800491333, 0.7726895213127136, 0.7726629972457886, 0.772673487663269, 0.7726929783821106, 0.7727652788162231, 0.7726112604141235], "auc": [0.7165610790252686, 0.8128710985183716, 0.826927661895752, 0.8335040211677551, 0.8369671702384949, 0.8398705124855042, 0.8412256240844727, 0.843654215335846, 0.844842255115509, 0.8461282849311829, 0.8469281196594238, 0.8478794693946838, 0.8485239148139954, 0.8493329882621765, 0.8497745394706726, 0.8500487804412842, 0.8505899310112, 0.8509328961372375, 0.85126793384552, 0.8518250584602356, 0.8521685600280762, 0.8521530032157898, 0.8524222373962402, 0.8527144193649292, 0.8529999256134033, 0.853121280670166, 0.8534143567085266, 0.8534528613090515, 0.8536733388900757, 0.8539667725563049, 0.8543272614479065, 0.8541055917739868, 0.8543211221694946, 0.8545458316802979, 0.854622483253479, 0.8545224070549011, 0.8546739220619202, 0.8548786640167236, 0.8550820350646973, 0.8551257848739624, 0.8553231358528137, 0.8552377820014954, 0.8553503751754761, 0.8553532361984253, 0.8555963039398193, 0.8555949926376343, 0.8556542992591858, 0.8556958436965942, 0.8556913137435913, 0.8556307554244995, 0.8558094501495361, 0.8559018969535828, 0.8561457395553589, 0.8560915589332581, 0.8560930490493774, 0.8560097813606262, 0.8562530279159546, 0.8564364910125732, 0.8563006520271301, 0.8563181161880493, 0.8563631772994995, 0.8564825654029846, 0.8564172983169556, 0.8564819693565369, 0.8565606474876404, 0.856475293636322, 0.8566027283668518, 0.8564751148223877, 0.8567267060279846, 0.8566588163375854, 0.8567720651626587, 0.8566955924034119, 0.8568498492240906, 0.8567522764205933, 0.8569585680961609, 0.8567960858345032, 0.8568103909492493, 0.8567960858345032, 0.856818675994873, 0.8568625450134277, 0.8570557236671448, 0.8569771647453308, 0.8571172952651978, 0.857166588306427, 0.8570611476898193, 0.8570787310600281, 0.8570796251296997, 0.8572165369987488, 0.857031524181366, 0.8571052551269531, 0.8572348356246948, 0.8571659922599792, 0.8572542667388916, 0.8571757674217224, 0.8573115468025208, 0.8573238849639893, 0.8573775887489319, 0.8574404120445251, 0.8573780059814453, 0.8573782444000244],