{"loss": [0.6356086134910583, 0.5513501167297363, 0.5290982127189636, 0.5187638401985168, 0.5111348628997803, 0.5063000917434692, 0.5024527311325073, 0.4992242753505707, 0.4965381920337677, 0.4945664405822754, 0.492915540933609, 0.4915069341659546, 0.49012401700019836, 0.4888548254966736, 0.48784610629081726, 0.48655152320861816, 0.4860241711139679, 0.48484233021736145, 0.48412802815437317, 0.48353371024131775, 0.4828321039676666, 0.4822494089603424, 0.4816625714302063, 0.4814678132534027, 0.48050951957702637, 0.48010727763175964, 0.4799167215824127, 0.4795892536640167, 0.4792773723602295, 0.47882160544395447, 0.478469580411911, 0.47829869389533997, 0.47776806354522705, 0.4777701199054718, 0.47749072313308716, 0.4774118959903717, 0.4771230220794678, 0.4770508408546448, 0.4767916798591614, 0.47653213143348694, 0.47630345821380615, 0.4762740433216095, 0.4758470058441162, 0.4759351909160614, 0.47583580017089844, 0.47574150562286377, 0.4755081534385681, 0.4753156900405884, 0.47546103596687317, 0.4751267731189728, 0.47509777545928955, 0.474897176027298, 0.47483181953430176, 0.47515663504600525, 0.4747665822505951, 0.4746206998825073, 0.47440800070762634, 0.47438421845436096, 0.47435757517814636, 0.47417593002319336, 0.4742502272129059, 0.47389253973960876, 0.47408416867256165, 0.47363901138305664, 0.47378450632095337, 0.4736272692680359, 0.47379323840141296, 0.473660409450531, 0.4736209511756897, 0.47351688146591187, 0.4734441339969635, 0.47366806864738464, 0.47337663173675537, 0.4732357859611511, 0.4730963706970215, 0.4731014370918274, 0.47300034761428833, 0.4731937050819397, 0.473116397857666, 0.4729202687740326, 0.4731256365776062, 0.47317221760749817, 0.4730612635612488, 0.4728783071041107, 0.47291213274002075, 0.4726332128047943, 0.4726589620113373, 0.4725625514984131, 0.4723831117153168, 0.4727862775325775, 0.47256261110305786, 0.4722493886947632, 0.47229254245758057, 0.4726826846599579, 0.47260168194770813, 0.4722350835800171, 0.4724345803260803, 0.4724310338497162, 0.4725388288497925, 0.4722231328487396], "accuracy": [0.6637197732925415, 0.7309359908103943, 0.7433932423591614, 0.7487890124320984, 0.7525690197944641, 0.7549610137939453, 0.7570147514343262, 0.7588337659835815, 0.760428249835968, 0.7614309787750244, 0.7623787522315979, 0.763272762298584, 0.763958752155304, 0.7647809982299805, 0.7653905153274536, 0.766133725643158, 0.7664347290992737, 0.7671077251434326, 0.7674897313117981, 0.7678432464599609, 0.7684550285339355, 0.7685922384262085, 0.7689817547798157, 0.768975019454956, 0.7697837352752686, 0.7696202397346497, 0.7698425054550171, 0.7700734734535217, 0.7701502442359924, 0.770515501499176, 0.7708757519721985, 0.7708902359008789, 0.7711229920387268, 0.7712192535400391, 0.7712739706039429, 0.7713577747344971, 0.7715684771537781, 0.7715887427330017, 0.7717685103416443, 0.7718420028686523, 0.7719337344169617, 0.7722562551498413, 0.7721592783927917, 0.7720527648925781, 0.7723435163497925, 0.7723439931869507, 0.7724210023880005, 0.7725947499275208, 0.7726372480392456, 0.7727264761924744, 0.772699236869812, 0.772881269454956, 0.7727552652359009, 0.7728164792060852, 0.7730464935302734, 0.7730180025100708, 0.7731417417526245, 0.7730770111083984, 0.773161768913269, 0.7733967304229736, 0.7731982469558716, 0.773467481136322, 0.7732645273208618, 0.7735762596130371, 0.7735009789466858, 0.7737322449684143, 0.7734324932098389, 0.773661732673645, 0.7735729813575745, 0.7735819816589355, 0.7737529873847961, 0.7736564874649048, 0.7739242315292358, 0.7739365100860596, 0.774037778377533, 0.7740445137023926, 0.7741205096244812, 0.7738990187644958, 0.7739107608795166, 0.7740355134010315, 0.7739744782447815, 0.7739777565002441, 0.7739522457122803, 0.7740744948387146, 0.7741609811782837, 0.7743074893951416, 0.7742757797241211, 0.7743197679519653, 0.7744052410125732, 0.7741314768791199, 0.7742419838905334, 0.7744502425193787, 0.7744832634925842, 0.7741332650184631, 0.77418452501297, 0.7743867635726929, 0.7744230031967163, 0.7743502259254456, 0.7742440104484558, 0.7746787667274475], "auc": [0.7296908497810364, 0.8089323043823242, 0.8235617876052856, 0.8298875093460083, 0.8346933722496033, 0.8375846147537231, 0.840021550655365, 0.8420665264129639, 0.8437526226043701, 0.844968318939209, 0.8459909558296204, 0.8468576073646545, 0.8477585315704346, 0.8485605716705322, 0.8491984009742737, 0.85004723072052, 0.8503764867782593, 0.8511404991149902, 0.8516194820404053, 0.8519980311393738, 0.8524301648139954, 0.8528187870979309, 0.8531939387321472, 0.853288471698761, 0.8539678454399109, 0.8541670441627502, 0.8542993068695068, 0.8545143008232117, 0.854704737663269, 0.8549968004226685, 0.855230987071991, 0.8553190231323242, 0.8556679487228394, 0.8556844592094421, 0.8558603525161743, 0.8559011816978455, 0.8560873866081238, 0.8560984134674072, 0.856311559677124, 0.8564662933349609, 0.8566241264343262, 0.8566297888755798, 0.8568869233131409, 0.8568438291549683, 0.8569063544273376, 0.8569796681404114, 0.8571041226387024, 0.8572174310684204, 0.8571348786354065, 0.8573632836341858, 0.857349157333374, 0.8575156927108765, 0.8575325012207031, 0.857365071773529, 0.8576053977012634, 0.857663631439209, 0.8578208088874817, 0.8578383326530457, 0.8578596115112305, 0.8579851984977722, 0.8579078912734985, 0.858140766620636, 0.8579970598220825, 0.8583080172538757, 0.8582389950752258, 0.8582967519760132, 0.8581977486610413, 0.8582934141159058, 0.8583167791366577, 0.8583648800849915, 0.858450174331665, 0.8583041429519653, 0.8584867715835571, 0.8585705161094666, 0.8586838841438293, 0.8586796522140503, 0.8587582111358643, 0.858601987361908, 0.8586359024047852, 0.8587906360626221, 0.8586722612380981, 0.858640193939209, 0.8587026596069336, 0.8588308095932007, 0.8588225245475769, 0.8589903712272644, 0.8589608073234558, 0.8590127229690552, 0.8591610193252563, 0.8588694930076599, 0.8590279817581177, 0.8592464327812195, 0.8592130541801453, 0.8589638471603394, 0.8590306043624878, 0.8592447638511658, 0.8591172695159912, 0.859119176864624, 0.8590582013130188, 0.8592886924743652],