{"loss": [0.6529732942581177, 0.5507370233535767, 0.5243778824806213, 0.5121419429779053, 0.5053437948226929, 0.5009905099868774, 0.4980556070804596, 0.4958672821521759, 0.4940226674079895, 0.49370676279067993, 0.4920887053012848, 0.4905458390712738, 0.4896145164966583, 0.4884589910507202, 0.487994521856308, 0.4870761036872864, 0.48651278018951416, 0.48561275005340576, 0.48538529872894287, 0.4847157597541809, 0.48443055152893066, 0.4840456545352936, 0.48354631662368774, 0.48301035165786743, 0.48269543051719666, 0.4823044240474701, 0.48214489221572876, 0.4815347194671631, 0.4818171560764313, 0.4812447130680084, 0.4811251163482666, 0.4806770086288452, 0.4806525707244873, 0.4805576205253601, 0.48017287254333496, 0.47996023297309875, 0.4798533618450165, 0.4797232151031494, 0.47962918877601624, 0.4792603552341461, 0.47914397716522217, 0.4791775047779083, 0.47910183668136597, 0.47877028584480286, 0.47859978675842285, 0.4784911870956421, 0.4781140387058258, 0.47808751463890076, 0.47805607318878174, 0.4781436026096344, 0.4777604043483734, 0.4778636395931244, 0.47800102829933167, 0.4773969054222107, 0.4780654311180115, 0.47733989357948303, 0.4773755371570587, 0.4771319627761841, 0.4768475890159607, 0.476847380399704, 0.4766557514667511, 0.476809561252594, 0.4766676127910614, 0.47651126980781555, 0.4764252007007599, 0.4762650430202484, 0.476331889629364, 0.4762118458747864, 0.4763047397136688, 0.4760638475418091, 0.4761194884777069, 0.4759465754032135, 0.47589725255966187, 0.4758667051792145, 0.47582316398620605, 0.4759250581264496, 0.47580400109291077, 0.47560542821884155, 0.47561943531036377, 0.47558894753456116, 0.47558411955833435, 0.47553908824920654, 0.47559666633605957, 0.4752870202064514, 0.4754384458065033, 0.4756677746772766, 0.47543102502822876, 0.47525903582572937, 0.47506508231163025, 0.4752093553543091, 0.4751133918762207, 0.47500917315483093, 0.47512030601501465, 0.4752179980278015, 0.474915087223053, 0.4749869108200073, 0.4749886393547058, 0.4752071499824524, 0.4750186502933502, 0.4750225245952606], "accuracy": [0.6451627612113953, 0.7294430136680603, 0.7446297407150269, 0.7509744763374329, 0.7544742226600647, 0.7569839954376221, 0.7584887742996216, 0.7597104907035828, 0.7610030174255371, 0.7610607743263245, 0.7621762752532959, 0.763009250164032, 0.7634900212287903, 0.7640007734298706, 0.7645192742347717, 0.764787495136261, 0.7651392221450806, 0.7657207250595093, 0.7659109830856323, 0.7661562561988831, 0.7663735151290894, 0.766635000705719, 0.7669742703437805, 0.7673097252845764, 0.767382025718689, 0.7676460146903992, 0.7677767276763916, 0.768011748790741, 0.767934262752533, 0.768409252166748, 0.7682337760925293, 0.7685614824295044, 0.7685827612876892, 0.7685595154762268, 0.7689012289047241, 0.7689447402954102, 0.7691649794578552, 0.7690690159797668, 0.7692390084266663, 0.7694904804229736, 0.769587516784668, 0.7696869969367981, 0.7695919871330261, 0.7697187662124634, 0.7698882222175598, 0.7699699997901917, 0.7700369954109192, 0.7700792551040649, 0.7702115178108215, 0.7701889872550964, 0.7703350186347961, 0.7705489993095398, 0.7704064846038818, 0.7706867456436157, 0.7704612612724304, 0.7707734704017639, 0.7707214951515198, 0.7708427309989929, 0.771110475063324, 0.7711262702941895, 0.7710809707641602, 0.7710767388343811, 0.7712895274162292, 0.771353006362915, 0.7712249755859375, 0.771323025226593, 0.7713255286216736, 0.7714710235595703, 0.7712684869766235, 0.771507740020752, 0.7715232372283936, 0.7715904712677002, 0.7716400027275085, 0.7716295123100281, 0.7717095017433167, 0.7715845108032227, 0.771650493144989, 0.7718275189399719, 0.7718332409858704, 0.77198326587677, 0.7719202637672424, 0.7721067667007446, 0.7718780040740967, 0.7722370028495789, 0.7719597220420837, 0.7717804908752441, 0.7719772458076477, 0.7720509767532349, 0.7720637321472168, 0.7719144821166992, 0.7721869945526123, 0.7723222374916077, 0.7723197340965271, 0.7721254825592041, 0.7723885178565979, 0.7724115252494812, 0.7722292542457581, 0.7719672322273254, 0.7721019983291626, 0.7722629904747009], "auc": [0.7038560509681702, 0.807563066482544, 0.8252696990966797, 0.8330082297325134, 0.8372589945793152, 0.8399989604949951, 0.8418565988540649, 0.8432472944259644, 0.8443824052810669, 0.8445925712585449, 0.8458960652351379, 0.8467333316802979, 0.8472644090652466, 0.8479953408241272, 0.848276674747467, 0.8488503694534302, 0.8491774201393127, 0.8497874736785889, 0.8499093651771545, 0.8503625988960266, 0.8505451083183289, 0.8507967591285706, 0.8511301875114441, 0.851500391960144, 0.8516855239868164, 0.8519487380981445, 0.8520398736000061, 0.852438747882843, 0.8522870540618896, 0.8526884913444519, 0.8527432680130005, 0.8530511856079102, 0.8530575037002563, 0.8531279563903809, 0.8533905148506165, 0.8535184264183044, 0.8536224961280823, 0.8536972403526306, 0.853758692741394, 0.8540338277816772, 0.8541163802146912, 0.8540956377983093, 0.854158341884613, 0.854379415512085, 0.8545090556144714, 0.8545988202095032, 0.8548351526260376, 0.8548640608787537, 0.8548941016197205, 0.8548068404197693, 0.8550738096237183, 0.8550498485565186, 0.8550328016281128, 0.8553914427757263, 0.8551114201545715, 0.855444073677063, 0.8554438352584839, 0.8555869460105896, 0.8557550311088562, 0.8557600975036621, 0.8558752536773682, 0.8557820320129395, 0.8558638691902161, 0.8559466600418091, 0.8560223579406738, 0.8561268448829651, 0.8560889363288879, 0.856141209602356, 0.856083333492279, 0.8562408685684204, 0.856246292591095, 0.8563388586044312, 0.8563977479934692, 0.8563967347145081, 0.8564198017120361, 0.856379508972168, 0.8564642071723938, 0.8565685749053955, 0.8565863966941833, 0.8566060066223145, 0.856610119342804, 0.856671929359436, 0.8566177487373352, 0.8568061590194702, 0.8567270040512085, 0.8566107153892517, 0.8567243814468384, 0.856836199760437, 0.8569576144218445, 0.8568796515464783, 0.856922447681427, 0.8570045828819275, 0.8569496273994446, 0.856885552406311, 0.857070803642273, 0.8570300936698914, 0.8570233583450317, 0.8568735122680664, 0.8570114374160767, 0.8570287823677063],