{"loss": [0.6174246072769165, 0.5461611151695251, 0.5262953042984009, 0.5167455673217773, 0.5101222395896912, 0.5056309700012207, 0.5022107362747192, 0.4993683397769928, 0.4967052936553955, 0.49451133608818054, 0.4929196834564209, 0.49142152070999146, 0.49019885063171387, 0.4891452193260193, 0.48792484402656555, 0.4868835210800171, 0.4856051504611969, 0.48485225439071655, 0.4839068651199341, 0.48311647772789, 0.4821571111679077, 0.4816943407058716, 0.4810372292995453, 0.4804568290710449, 0.4802195429801941, 0.4794219136238098, 0.47895678877830505, 0.47857874631881714, 0.47828036546707153, 0.47806018590927124, 0.4773883819580078, 0.47703850269317627, 0.4768344759941101, 0.47650301456451416, 0.4759840965270996, 0.47600725293159485, 0.4756867587566376, 0.47560611367225647, 0.47521838545799255, 0.47498029470443726, 0.4744405746459961, 0.4744459390640259, 0.47424715757369995, 0.47413507103919983, 0.4738421142101288, 0.4739286005496979, 0.4735441505908966, 0.4733264148235321, 0.47319573163986206, 0.47329577803611755, 0.4731293320655823, 0.4729430675506592, 0.47288668155670166, 0.4726785123348236, 0.4727352559566498, 0.47262927889823914, 0.4724598824977875, 0.4724004566669464, 0.47212040424346924, 0.4721517264842987, 0.4720805585384369, 0.47187376022338867, 0.4717318117618561, 0.4718533456325531, 0.4716925621032715, 0.47161296010017395, 0.4712966978549957, 0.4713434875011444, 0.4712330400943756, 0.4711892008781433, 0.47115302085876465, 0.47108983993530273, 0.47087186574935913, 0.47080308198928833, 0.4709494709968567, 0.4706653654575348, 0.4704609513282776, 0.4706297516822815, 0.47059714794158936, 0.47058627009391785, 0.47037291526794434, 0.4703030288219452, 0.4702198803424835, 0.4701996147632599, 0.4701605439186096, 0.47019678354263306, 0.4701099395751953, 0.4701317846775055, 0.470097154378891, 0.47000420093536377, 0.4699181616306305, 0.46987366676330566, 0.46985048055648804, 0.46955081820487976, 0.46977096796035767, 0.4697277247905731, 0.46965083479881287, 0.469424307346344, 0.4695208668708801, 0.4695163369178772], "accuracy": [0.6876417398452759, 0.7363460063934326, 0.7462394833564758, 0.7510782480239868, 0.7544195055961609, 0.7567884922027588, 0.7585840225219727, 0.7601289749145508, 0.7613447308540344, 0.7625420093536377, 0.7634522318840027, 0.7642220258712769, 0.7649524807929993, 0.7654315233230591, 0.7664459943771362, 0.7669132351875305, 0.7676525115966797, 0.7681097388267517, 0.7687485218048096, 0.7691299915313721, 0.7697097659111023, 0.7701192498207092, 0.7704582214355469, 0.7707252502441406, 0.7707807421684265, 0.7714250087738037, 0.7715937495231628, 0.7718114852905273, 0.7720297574996948, 0.7722859978675842, 0.7725347280502319, 0.7729562520980835, 0.7730262279510498, 0.7732052206993103, 0.7734605073928833, 0.7734342217445374, 0.7738670110702515, 0.7737327218055725, 0.7738827466964722, 0.7741410136222839, 0.7742632627487183, 0.7744240164756775, 0.7743070125579834, 0.7746202349662781, 0.7748587727546692, 0.7746019959449768, 0.7749532461166382, 0.7750637531280518, 0.7750645279884338, 0.7751062512397766, 0.7752277255058289, 0.7751457691192627, 0.7753369808197021, 0.7754927277565002, 0.7754964828491211, 0.7753099799156189, 0.7755582332611084, 0.7756957411766052, 0.7757899761199951, 0.7757744789123535, 0.7758669853210449, 0.7758405208587646, 0.7761322259902954, 0.7758979797363281, 0.7760214805603027, 0.7760677337646484, 0.7762162685394287, 0.7763227224349976, 0.7762205004692078, 0.7762585282325745, 0.7762159705162048, 0.7764469981193542, 0.7765589952468872, 0.7766295075416565, 0.7765702605247498, 0.7766079902648926, 0.7767322659492493, 0.7767247557640076, 0.7766649723052979, 0.7768232226371765, 0.7767164707183838, 0.7768232226371765, 0.7770519852638245, 0.7769472599029541, 0.7771122455596924, 0.7769479751586914, 0.7769707441329956, 0.7771047353744507, 0.7770132422447205, 0.7770969867706299, 0.7770342230796814, 0.7771032452583313, 0.7772232294082642, 0.7773067355155945, 0.7772240042686462, 0.7774134874343872, 0.7773560285568237, 0.7774622440338135, 0.7773165106773376, 0.7773194909095764], "auc": [0.7573832869529724, 0.8150911331176758, 0.8270379304885864, 0.8326900601387024, 0.8367251753807068, 0.8394493460655212, 0.8415277004241943, 0.8432419300079346, 0.8448253870010376, 0.8461728096008301, 0.847082257270813, 0.8480602502822876, 0.8487864136695862, 0.8494042754173279, 0.8502586483955383, 0.8509321212768555, 0.8517589569091797, 0.8522283434867859, 0.8528878688812256, 0.8533823490142822, 0.8540322780609131, 0.854314386844635, 0.8547660708427429, 0.8551420569419861, 0.8552799224853516, 0.8558116555213928, 0.8561358451843262, 0.8563635349273682, 0.8565685749053955, 0.8567155599594116, 0.8571264147758484, 0.8573509454727173, 0.8574926257133484, 0.8577119708061218, 0.8580447435379028, 0.8580054640769958, 0.8582772016525269, 0.8583003282546997, 0.8585453629493713, 0.8586878776550293, 0.858995258808136, 0.8590291142463684, 0.8591098189353943, 0.8592058420181274, 0.8594295382499695, 0.859320878982544, 0.8595771789550781, 0.8597245812416077, 0.859778881072998, 0.8597662448883057, 0.8598174452781677, 0.8599564433097839, 0.8600170016288757, 0.8601605296134949, 0.8601194024085999, 0.8601698875427246, 0.8602903485298157, 0.86034095287323, 0.8605108261108398, 0.8605000972747803, 0.8605342507362366, 0.8606658577919006, 0.8607483506202698, 0.8606944680213928, 0.8607799410820007, 0.8608176708221436, 0.8610472083091736, 0.861004114151001, 0.8610771298408508, 0.8610823750495911, 0.8611264824867249, 0.861151933670044, 0.8613125085830688, 0.8613654375076294, 0.8612579703330994, 0.861426055431366, 0.8615642786026001, 0.8614805936813354, 0.8614727854728699, 0.8615188002586365, 0.8616204857826233, 0.8616712093353271, 0.8617473244667053, 0.8617612719535828, 0.8617783784866333, 0.8617584705352783, 0.8617997169494629, 0.8618132472038269, 0.8618292808532715, 0.8618751168251038, 0.8619552254676819, 0.8619757890701294, 0.8619901537895203, 0.8622030019760132, 0.8620473742485046, 0.862099289894104, 0.8621220588684082, 0.8622770309448242, 0.8622121214866638, 0.8622161746025085],