{"loss": [0.7066518068313599, 0.6461778879165649, 0.6040582060813904, 0.5864030122756958, 0.5823614001274109, 0.5786460041999817, 0.5756074786186218, 0.5732371211051941, 0.5710723996162415, 0.5690164566040039, 0.566396951675415, 0.563503086566925, 0.5613759756088257, 0.5597745776176453, 0.5587365627288818, 0.5574796199798584, 0.5558159351348877, 0.5533165335655212, 0.550626277923584, 0.548651933670044, 0.5474028587341309, 0.5463794469833374, 0.5453370213508606, 0.544622540473938, 0.5435981750488281, 0.5431910753250122, 0.5425384640693665, 0.5420451760292053, 0.541395366191864, 0.5409261584281921, 0.5405759811401367, 0.5398288369178772, 0.5395010709762573, 0.5388330221176147, 0.5385769009590149, 0.5380716919898987, 0.5376685857772827, 0.5373716354370117, 0.536896824836731, 0.5366865992546082, 0.5363336801528931, 0.5358657240867615, 0.5353838205337524, 0.5351977348327637, 0.5348547101020813, 0.5346401333808899, 0.5345654487609863, 0.5338525772094727, 0.5338194966316223, 0.533588707447052, 0.5332093238830566, 0.532767117023468, 0.532538115978241, 0.5324484705924988, 0.5320976376533508, 0.5317893028259277, 0.5313990712165833, 0.5314127206802368, 0.5308628082275391, 0.5304296016693115, 0.5300927758216858, 0.530020534992218, 0.5297598242759705, 0.5291429758071899, 0.5289238095283508, 0.5286036133766174, 0.5281621217727661, 0.5280632376670837, 0.5275794267654419, 0.5274019837379456, 0.5270604491233826, 0.5269883871078491, 0.5267065167427063, 0.5261104106903076, 0.5264847874641418, 0.5263553261756897, 0.5259969830513, 0.5259405970573425, 0.5256960391998291, 0.5255292654037476, 0.5256555676460266, 0.5251708030700684, 0.525078535079956, 0.525124728679657, 0.5248799324035645, 0.5249218940734863, 0.5249121785163879, 0.5248473286628723, 0.5245957374572754, 0.5244174599647522, 0.5241444706916809, 0.5240421295166016, 0.5240972638130188, 0.5239657163619995, 0.5241531133651733, 0.523881196975708, 0.5239481329917908, 0.5238049030303955, 0.5234627723693848, 0.523505449295044], "accuracy": [0.5560889840126038, 0.6420189738273621, 0.6786015033721924, 0.6925035119056702, 0.6952012777328491, 0.6981135010719299, 0.7007567286491394, 0.7026330232620239, 0.7043824791908264, 0.7061880230903625, 0.7083330154418945, 0.7102972269058228, 0.7117627263069153, 0.712897002696991, 0.7136049866676331, 0.7141910195350647, 0.7155197262763977, 0.7174912691116333, 0.7195820212364197, 0.7209227681159973, 0.7218329906463623, 0.7223954796791077, 0.7230395078659058, 0.7233250141143799, 0.7241682410240173, 0.7240767478942871, 0.724593997001648, 0.7247895002365112, 0.7252064943313599, 0.7253762483596802, 0.7257272601127625, 0.7260220050811768, 0.726239025592804, 0.726484477519989, 0.7267624735832214, 0.7270357608795166, 0.7273337244987488, 0.7275322675704956, 0.727792501449585, 0.7278542518615723, 0.7282612323760986, 0.7284237742424011, 0.7288702726364136, 0.7288792729377747, 0.7290447354316711, 0.7292767763137817, 0.729121744632721, 0.7296580076217651, 0.7295622229576111, 0.7297342419624329, 0.7300657629966736, 0.7301710247993469, 0.7303527593612671, 0.730369508266449, 0.73055499792099, 0.7307590246200562, 0.7310067415237427, 0.7309192419052124, 0.7313092350959778, 0.7316192388534546, 0.7317632436752319, 0.7318819761276245, 0.7318664789199829, 0.7324864864349365, 0.7323152422904968, 0.7325549721717834, 0.7329232692718506, 0.7330482602119446, 0.7334349751472473, 0.733420729637146, 0.7337175011634827, 0.7337742447853088, 0.7339282631874084, 0.734305739402771, 0.7339622378349304, 0.7342357635498047, 0.7342835068702698, 0.7343212366104126, 0.7346220016479492, 0.7347164750099182, 0.7347017526626587, 0.7350170016288757, 0.7350360155105591, 0.7351212501525879, 0.7351534962654114, 0.735195517539978, 0.7350372672080994, 0.7352060079574585, 0.7352837324142456, 0.7354235053062439, 0.7356582283973694, 0.7356690168380737, 0.7356925010681152, 0.735722005367279, 0.7355819940567017, 0.7357592582702637, 0.7356997728347778, 0.7357397675514221, 0.7358987331390381, 0.7360280156135559], "auc": [0.5607089400291443, 0.6880461573600769, 0.7447214722633362, 0.762001097202301, 0.7656375765800476, 0.7693787813186646, 0.7723613381385803, 0.7746424078941345, 0.7767677903175354, 0.7789087295532227, 0.7814440727233887, 0.7840914130210876, 0.7859851717948914, 0.7873737215995789, 0.788213849067688, 0.7893053293228149, 0.7908243536949158, 0.7931354641914368, 0.7955713272094727, 0.7973014712333679, 0.7983407974243164, 0.7991541028022766, 0.8000202775001526, 0.8005374073982239, 0.8013817667961121, 0.8016427159309387, 0.8021656274795532, 0.802502453327179, 0.8030509352684021, 0.8033855557441711, 0.8036555051803589, 0.804231584072113, 0.8044774532318115, 0.8050257563591003, 0.8052011132240295, 0.8055992126464844, 0.8059090971946716, 0.8061686754226685, 0.806533932685852, 0.806660532951355, 0.8069432377815247, 0.8073074817657471, 0.8077049851417542, 0.8078233599662781, 0.8080616593360901, 0.808222234249115, 0.8082370758056641, 0.8088062405586243, 0.808794379234314, 0.8089569807052612, 0.8092527985572815, 0.8096005320549011, 0.8097556829452515, 0.8097872138023376, 0.8100436925888062, 0.8102766871452332, 0.8106083273887634, 0.8105462789535522, 0.8109841346740723, 0.8113405108451843, 0.8115851879119873, 0.8116321563720703, 0.8118371367454529, 0.8123432993888855, 0.8125064969062805, 0.8127668499946594, 0.8131247162818909, 0.8132107257843018, 0.8136065602302551, 0.8137080073356628, 0.8139830231666565, 0.8140241503715515, 0.8142790198326111, 0.814730167388916, 0.8144034147262573, 0.8145223259925842, 0.814798891544342, 0.8148359060287476, 0.8150047063827515, 0.8151653409004211, 0.8150286674499512, 0.8154358267784119, 0.8154874444007874, 0.8154551982879639, 0.8156375885009766, 0.8155990242958069, 0.8155707120895386, 0.8156357407569885, 0.8158257603645325, 0.8159686923027039, 0.8162057995796204, 0.816254734992981, 0.8161813020706177, 0.8162783980369568, 0.8161221146583557, 0.8163406848907471, 0.8162460327148438, 0.8163930773735046, 0.8166353106498718, 0.8165949583053589], "val_loss": [0.6728616952896118, 0.6229507327079773, 0.5919095277786255, 0.5823248624801636, 0.5813648700714111, 0.575503945350647, 0.5730153322219849, 0.5709066987037659, 0.5689061284065247, 0.5678048133850098, 0.5635178089141846, 0.5625132918357849, 0.560520589351654, 0.5600872039794922, 0.5567110776901245, 0.5560566186904907, 0.5562052726745605, 0.5512505173683167, 0.5486520528793335, 0.550298273563385, 0.5472005009651184, 0.5438922047615051, 0.5435665249824524, 0.5442213416099548, 0.5430171489715576, 0.5421239733695984, 0.5411267280578613, 0.5419442653656006, 0.539837121963501, 0.543647050857544, 0.5440215468406677, 0.5386205911636353, 0.5399988293647766, 0.5395165085792542, 0.5388699769973755, 0.5393579602241516, 0.5400764346122742, 0.5397108793258667, 0.5366321206092834, 0.5386675596237183, 0.5375070571899414, 0.5357242226600647, 0.5347959995269775, 0.5360517501831055, 0.5360105037689209, 0.535877525806427, 0.5403553247451782, 0.5324455499649048, 0.5340598225593567, 0.5334845185279846, 0.5334538221359253, 0.5324084162712097, 0.5330594778060913, 0.530789852142334, 0.5318207740783691, 0.5322871804237366, 0.5330231785774231, 0.5306633114814758, 0.5305078029632568, 0.5324053168296814, 0.5347923040390015, 0.529725193977356, 0.5318113565444946, 0.5288920998573303, 0.5331774950027466, 0.5291849970817566, 0.528767466545105, 0.5328031778335571, 0.5304264426231384, 0.5256701111793518, 0.5277052521705627, 0.5253900289535522, 0.5328323245048523, 0.5369033217430115, 0.529335618019104, 0.5235245823860168, 0.5290378332138062, 0.5240692496299744, 0.5280285477638245, 0.5446707010269165, 0.5375697016716003, 0.5235002636909485, 0.5266371369361877, 0.5261104702949524, 0.5279192328453064, 0.5242840647697449, 0.5299814939498901, 0.5250476598739624, 0.5280839204788208, 0.5258764624595642, 0.5225641131401062, 0.5232162475585938, 0.5235193371772766, 0.5226113796234131, 0.5250797867774963, 0.523733377456665, 0.5225306749343872, 0.5243270397186279, 0.5326038599014282, 0.5237793922424316],