{"loss": [0.6606130599975586, 0.550527036190033, 0.5227091312408447, 0.5107792019844055, 0.5041884183883667, 0.4999101161956787, 0.4970172941684723, 0.49456432461738586, 0.4929670989513397, 0.49115487933158875, 0.49005067348480225, 0.48917156457901, 0.4880509376525879, 0.48701387643814087, 0.4864217936992645, 0.4858025312423706, 0.4857236444950104, 0.4847039580345154, 0.48390477895736694, 0.4837726652622223, 0.48300445079803467, 0.482971727848053, 0.4828382134437561, 0.4824310839176178, 0.48174065351486206, 0.48148393630981445, 0.4813334345817566, 0.48089611530303955, 0.4810067117214203, 0.4807673990726471, 0.4803486764431, 0.48026686906814575, 0.48003512620925903, 0.47980043292045593, 0.47947371006011963, 0.47951656579971313, 0.47943636775016785, 0.4791781008243561, 0.4792174696922302, 0.47890493273735046, 0.47896355390548706, 0.47884488105773926, 0.47859007120132446, 0.48036888241767883, 0.4789477586746216, 0.4785136580467224, 0.47833558917045593, 0.4783078730106354, 0.4780742824077606, 0.4779187738895416, 0.4778832495212555, 0.4778535068035126, 0.4777742922306061, 0.47750410437583923, 0.4776860177516937, 0.47737643122673035, 0.4775800406932831, 0.4774433374404907, 0.4772295653820038, 0.477071076631546, 0.4770347774028778, 0.4772440493106842, 0.47726204991340637, 0.47676146030426025, 0.47695407271385193, 0.4766242802143097, 0.4767627716064453, 0.47669717669487, 0.47669509053230286, 0.47654369473457336, 0.47673889994621277, 0.4766119122505188, 0.4765642583370209, 0.4763043224811554, 0.47650548815727234, 0.4762483835220337, 0.4761599898338318, 0.4762188196182251, 0.4763425886631012, 0.47612133622169495, 0.47617483139038086, 0.47613710165023804, 0.47600582242012024, 0.476112961769104, 0.47589051723480225, 0.475973904132843, 0.47591137886047363, 0.4759523570537567, 0.4758976995944977, 0.47592824697494507, 0.4758731424808502, 0.475948303937912, 0.4757062494754791, 0.4756706953048706, 0.47562652826309204, 0.47554755210876465, 0.4757438898086548, 0.47546055912971497, 0.47545209527015686, 0.47546544671058655], "accuracy": [0.6300767660140991, 0.7285345196723938, 0.744656503200531, 0.7512500286102295, 0.754899263381958, 0.7572372555732727, 0.7590150237083435, 0.7604699730873108, 0.7613459825515747, 0.7623950242996216, 0.7631427645683289, 0.7635742425918579, 0.7644525170326233, 0.7649497389793396, 0.7654045224189758, 0.765629231929779, 0.7658759951591492, 0.7663875222206116, 0.7669240236282349, 0.7669764757156372, 0.7675467729568481, 0.7673292756080627, 0.7673822641372681, 0.7678794860839844, 0.768426775932312, 0.7683675289154053, 0.7685317397117615, 0.7688350081443787, 0.7687914967536926, 0.7688267230987549, 0.7690659761428833, 0.7692030072212219, 0.769242525100708, 0.769470751285553, 0.7696105241775513, 0.7695237398147583, 0.7695745229721069, 0.7699947357177734, 0.7697707414627075, 0.7700077295303345, 0.7698502540588379, 0.7700117230415344, 0.7701812386512756, 0.769341766834259, 0.7701257467269897, 0.770458996295929, 0.7704240083694458, 0.7704252600669861, 0.7705755233764648, 0.7707047462463379, 0.770666778087616, 0.7706739902496338, 0.7707007527351379, 0.7708110213279724, 0.7707497477531433, 0.7710062265396118, 0.770843505859375, 0.7709479928016663, 0.771111249923706, 0.7711622714996338, 0.7712954878807068, 0.771089494228363, 0.77115797996521, 0.7713727355003357, 0.771304726600647, 0.7715322375297546, 0.7713505029678345, 0.7713237404823303, 0.7713059782981873, 0.7714574933052063, 0.7714382410049438, 0.7713397741317749, 0.7715209722518921, 0.7716615200042725, 0.7714729905128479, 0.7718809843063354, 0.7717512249946594, 0.7717107534408569, 0.7716954946517944, 0.7718327641487122, 0.7718602418899536, 0.7717772722244263, 0.7720019817352295, 0.7717499732971191, 0.7717897295951843, 0.7717654705047607, 0.7720094919204712, 0.7718669772148132, 0.7719849944114685, 0.7718442678451538, 0.7718662619590759, 0.771797776222229, 0.7719627618789673, 0.77189701795578, 0.7720577716827393, 0.7721604704856873, 0.7720025181770325, 0.7721717357635498, 0.7722269892692566, 0.772159993648529], "auc": [0.6863322257995605, 0.8062288165092468, 0.8254984617233276, 0.8332898616790771, 0.8375863432884216, 0.8403263092041016, 0.8422356843948364, 0.8438645601272583, 0.8448914885520935, 0.8461101055145264, 0.8468429446220398, 0.8474262952804565, 0.8481652140617371, 0.8488439917564392, 0.8492222428321838, 0.8496013283729553, 0.8497035503387451, 0.8504130244255066, 0.8509126305580139, 0.851003110408783, 0.851552426815033, 0.8515803217887878, 0.8516820073127747, 0.8519653081893921, 0.852441132068634, 0.8525847792625427, 0.8526857495307922, 0.8529970049858093, 0.8529428243637085, 0.8530864119529724, 0.8533591628074646, 0.8534547686576843, 0.8536170721054077, 0.8537999391555786, 0.8539958596229553, 0.8539735078811646, 0.8540133237838745, 0.8542484641075134, 0.8541712760925293, 0.8543967008590698, 0.8543440103530884, 0.8544163703918457, 0.8546105027198792, 0.8536545634269714, 0.8545369505882263, 0.8547487258911133, 0.8548178672790527, 0.8548128604888916, 0.8550046682357788, 0.8550785183906555, 0.8550958633422852, 0.8551220893859863, 0.8551810383796692, 0.8553487658500671, 0.8552406430244446, 0.8554345965385437, 0.8553080558776855, 0.8554030060768127, 0.855534017086029, 0.8556517362594604, 0.8556925058364868, 0.8555503487586975, 0.8555520176887512, 0.8558418154716492, 0.855714738368988, 0.8559487462043762, 0.8558445572853088, 0.855912983417511, 0.8558952808380127, 0.8559765815734863, 0.8559179306030273, 0.8559647798538208, 0.855980396270752, 0.8561606407165527, 0.8560190796852112, 0.8562190532684326, 0.8562569618225098, 0.8562175035476685, 0.8561418652534485, 0.8562726378440857, 0.8562505841255188, 0.8562667369842529, 0.8563768267631531, 0.8562862873077393, 0.8564482927322388, 0.8563435673713684, 0.856444776058197, 0.856411337852478, 0.8564404249191284, 0.8563948273658752, 0.8564558625221252, 0.8564221262931824, 0.8565402626991272, 0.8565891981124878, 0.8566218018531799, 0.8566814661026001, 0.8565524816513062, 0.8567344546318054, 0.8567487597465515, 0.8567004203796387],