{"loss": [0.6734098792076111, 0.5525435209274292, 0.5231848955154419, 0.5111165046691895, 0.5043497085571289, 0.49953141808509827, 0.49680036306381226, 0.49481239914894104, 0.49306371808052063, 0.49124428629875183, 0.4900856018066406, 0.4892522692680359, 0.48802635073661804, 0.4872250556945801, 0.48648935556411743, 0.4860435724258423, 0.4855373203754425, 0.484548419713974, 0.48419708013534546, 0.4846040606498718, 0.4835112988948822, 0.4829024076461792, 0.4824356734752655, 0.4821215271949768, 0.4816703796386719, 0.48164790868759155, 0.4811510741710663, 0.48079001903533936, 0.4805210828781128, 0.4802585542201996, 0.48015204071998596, 0.4799567759037018, 0.4798862040042877, 0.4793556332588196, 0.4791903495788574, 0.47916778922080994, 0.47893863916397095, 0.47906360030174255, 0.47861382365226746, 0.4788191020488739, 0.4786471128463745, 0.4784778952598572, 0.47817397117614746, 0.4784294664859772, 0.47777149081230164, 0.4777944087982178, 0.47784677147865295, 0.4791904091835022, 0.4782375693321228, 0.4775514602661133, 0.47729066014289856, 0.47751542925834656, 0.4770777225494385, 0.4769430458545685, 0.47711312770843506, 0.4768364131450653, 0.4768017530441284, 0.47663232684135437, 0.4767748713493347, 0.4764878749847412, 0.4767605662345886, 0.47670942544937134, 0.4762066900730133, 0.4764958322048187, 0.4761797785758972, 0.47613638639450073, 0.47624671459198, 0.47614774107933044, 0.4761326014995575, 0.47591331601142883, 0.4761302173137665, 0.4760500490665436, 0.47563204169273376, 0.4758162200450897, 0.47565075755119324, 0.4758601784706116, 0.4758334755897522, 0.47566723823547363, 0.47557228803634644, 0.47568750381469727, 0.4754393994808197, 0.4754168391227722, 0.4754374921321869, 0.47535866498947144, 0.4753876030445099, 0.4752749800682068, 0.4753587543964386, 0.4753606617450714, 0.475223183631897, 0.47525742650032043, 0.4755416810512543, 0.476358026266098, 0.47521814703941345, 0.4751758575439453, 0.4749983251094818, 0.47480717301368713, 0.47485730051994324, 0.4750267565250397, 0.47505468130111694, 0.4747503399848938], "accuracy": [0.6160117387771606, 0.7272112369537354, 0.7441110014915466, 0.7507482767105103, 0.7547554969787598, 0.7575127482414246, 0.7591350078582764, 0.7601875066757202, 0.7613229751586914, 0.7625147700309753, 0.763151228427887, 0.7634819746017456, 0.7644175291061401, 0.7649049758911133, 0.7653547525405884, 0.765603244304657, 0.7659927606582642, 0.7665879726409912, 0.7667350172996521, 0.7665954828262329, 0.7674614787101746, 0.7677615284919739, 0.7679292559623718, 0.7681055068969727, 0.7684642672538757, 0.7683887481689453, 0.768672525882721, 0.7688177227973938, 0.7692027688026428, 0.769147515296936, 0.7693962454795837, 0.7694647312164307, 0.7695189714431763, 0.7698192596435547, 0.7699822783470154, 0.7701117396354675, 0.7701077461242676, 0.770109236240387, 0.7702517509460449, 0.7703254818916321, 0.7702972292900085, 0.7705457210540771, 0.7705894708633423, 0.7706325054168701, 0.7708860039710999, 0.7708024978637695, 0.7709552645683289, 0.7702609896659851, 0.7707815170288086, 0.7711852788925171, 0.7711052298545837, 0.7712234854698181, 0.7713982462882996, 0.7712929844856262, 0.7713819742202759, 0.7715547680854797, 0.7713829874992371, 0.7714847326278687, 0.7714970111846924, 0.7715442776679993, 0.7714212536811829, 0.7714794874191284, 0.7717722654342651, 0.7715604901313782, 0.7719780206680298, 0.771888017654419, 0.7717477679252625, 0.7717787623405457, 0.771917998790741, 0.7719489932060242, 0.7718679904937744, 0.7719327211380005, 0.7722732424736023, 0.7720620036125183, 0.7721877694129944, 0.7719587683677673, 0.7721632719039917, 0.7722562551498413, 0.7723270058631897, 0.7721572518348694, 0.7724094986915588, 0.7723094820976257, 0.7721375226974487, 0.7724025249481201, 0.77241051197052, 0.7724782228469849, 0.7723507285118103, 0.7723780274391174, 0.7726672291755676, 0.7724607586860657, 0.7722600102424622, 0.7720272541046143, 0.7724682688713074, 0.7726122736930847, 0.7726007699966431, 0.7727327346801758, 0.7724940180778503, 0.7725802659988403, 0.7725167274475098, 0.7726192474365234], "auc": [0.6652971506118774, 0.8047758340835571, 0.8250442147254944, 0.832930326461792, 0.8373988270759583, 0.8406374454498291, 0.8423924446105957, 0.8436862230300903, 0.8448792099952698, 0.8461366295814514, 0.8468501567840576, 0.8474513292312622, 0.8482840061187744, 0.8488454222679138, 0.8492997884750366, 0.8496164083480835, 0.8499867916107178, 0.8506386280059814, 0.850895345211029, 0.8506772518157959, 0.8515622615814209, 0.8518699407577515, 0.8521404266357422, 0.852336585521698, 0.8526358008384705, 0.8526502847671509, 0.8529911637306213, 0.8532082438468933, 0.8534246683120728, 0.8535817861557007, 0.8536624312400818, 0.853779137134552, 0.8538618683815002, 0.8542293310165405, 0.8543243408203125, 0.8543462157249451, 0.8544887900352478, 0.8544308543205261, 0.8547248244285583, 0.8546242713928223, 0.8547284007072449, 0.8548467755317688, 0.8550260066986084, 0.8548895120620728, 0.8553240299224854, 0.855305016040802, 0.8553029298782349, 0.8545926809310913, 0.855198323726654, 0.8555613160133362, 0.855680525302887, 0.8555228114128113, 0.855813205242157, 0.8558580875396729, 0.8557688593864441, 0.8559308648109436, 0.8559716939926147, 0.8560895323753357, 0.8559837341308594, 0.8561586737632751, 0.8559900522232056, 0.856018602848053, 0.8563389182090759, 0.8561611175537109, 0.8563879132270813, 0.8563889861106873, 0.8563452959060669, 0.85639888048172, 0.8564210534095764, 0.8565342426300049, 0.8563888072967529, 0.8564419746398926, 0.8567246198654175, 0.8566004633903503, 0.8567370772361755, 0.8566116690635681, 0.8566277027130127, 0.8567137718200684, 0.8567748665809631, 0.8566986918449402, 0.8568722009658813, 0.8568743467330933, 0.8568453192710876, 0.8569096326828003, 0.8569008708000183, 0.8569797873497009, 0.8569165468215942, 0.8569395542144775, 0.857017993927002, 0.8569660186767578, 0.8568512201309204, 0.8564485907554626, 0.8570972681045532, 0.8570744395256042, 0.8571876883506775, 0.8572807908058167, 0.8572381138801575, 0.8571515083312988, 0.8571364283561707, 0.8573154807090759],