{"loss": [0.6222219467163086, 0.5407403111457825, 0.520405650138855, 0.5099403858184814, 0.5033794045448303, 0.4988548159599304, 0.4953208267688751, 0.4928493797779083, 0.49075791239738464, 0.4890480041503906, 0.48765575885772705, 0.48618462681770325, 0.4850911796092987, 0.48397383093833923, 0.48265933990478516, 0.48176878690719604, 0.48140695691108704, 0.48059728741645813, 0.47987088561058044, 0.4791731834411621, 0.47857168316841125, 0.4780690371990204, 0.4775487184524536, 0.47740837931632996, 0.4767521619796753, 0.47653111815452576, 0.47624728083610535, 0.47586706280708313, 0.4755454659461975, 0.47513946890830994, 0.47500890493392944, 0.4748205244541168, 0.4746139347553253, 0.4746444523334503, 0.47420790791511536, 0.4737905263900757, 0.4738047420978546, 0.47366711497306824, 0.4733794629573822, 0.4732487201690674, 0.4733070731163025, 0.47290292382240295, 0.47281143069267273, 0.47273412346839905, 0.47271469235420227, 0.4724372625350952, 0.4723518192768097, 0.4722687304019928, 0.4722563624382019, 0.4719070792198181, 0.47167253494262695, 0.4717080593109131, 0.4716067314147949, 0.4715820848941803, 0.4714195132255554, 0.47124969959259033, 0.47123196721076965, 0.4712052643299103, 0.47116532921791077, 0.4711093604564667, 0.47095805406570435, 0.4707493782043457, 0.47064754366874695, 0.4707965552806854, 0.47052112221717834, 0.4704773724079132, 0.4706030488014221, 0.4704242944717407, 0.47048142552375793, 0.47039201855659485, 0.47046563029289246, 0.47009214758872986, 0.47030189633369446, 0.47020500898361206, 0.47008946537971497, 0.4698645770549774, 0.46994999051094055, 0.46985843777656555, 0.4699128568172455, 0.46965691447257996, 0.4697543978691101, 0.4696832299232483, 0.46958667039871216, 0.4697536528110504, 0.46952804923057556, 0.4695465564727783, 0.4694017469882965, 0.4695555567741394, 0.4694662094116211, 0.4693618416786194, 0.4693296253681183, 0.4692859947681427, 0.4692293703556061, 0.4692182242870331, 0.46924737095832825, 0.46932849287986755, 0.46921807527542114, 0.4691633880138397, 0.4691277742385864, 0.4692193865776062], "accuracy": [0.6768077611923218, 0.7374857664108276, 0.7477465271949768, 0.753063976764679, 0.7564712762832642, 0.7590094804763794, 0.7608212232589722, 0.7623419761657715, 0.7636247277259827, 0.7643885016441345, 0.7652904987335205, 0.7661797404289246, 0.7667912244796753, 0.767359733581543, 0.7683500051498413, 0.7688112258911133, 0.768927276134491, 0.7694724798202515, 0.7699295282363892, 0.7703962326049805, 0.7706320285797119, 0.7709097266197205, 0.7714200019836426, 0.7713767290115356, 0.771793007850647, 0.7719337344169617, 0.771982729434967, 0.77218097448349, 0.7723782658576965, 0.7728047370910645, 0.772626519203186, 0.7728350162506104, 0.772992730140686, 0.7729154825210571, 0.7731620073318481, 0.7733989953994751, 0.7733917236328125, 0.7733952403068542, 0.7737027406692505, 0.7737252712249756, 0.7736650109291077, 0.7739635109901428, 0.7739787697792053, 0.7741619944572449, 0.77395099401474, 0.7743452787399292, 0.7741724848747253, 0.7743930220603943, 0.7742254734039307, 0.7745132446289062, 0.774641752243042, 0.774707019329071, 0.7747717499732971, 0.7747560143470764, 0.774874746799469, 0.7751535177230835, 0.774957001209259, 0.7749737501144409, 0.7751322388648987, 0.7752084732055664, 0.7752877473831177, 0.7751747369766235, 0.7752982378005981, 0.7752202749252319, 0.7754332423210144, 0.7755497694015503, 0.7755172252655029, 0.775613009929657, 0.7755385041236877, 0.775604248046875, 0.7757002711296082, 0.7757980227470398, 0.7756724953651428, 0.7755392789840698, 0.7757327556610107, 0.7758722305297852, 0.7759230136871338, 0.775793731212616, 0.775825023651123, 0.7760522365570068, 0.776036262512207, 0.7759007215499878, 0.7759814858436584, 0.776091992855072, 0.7760714888572693, 0.7760947346687317, 0.776247501373291, 0.7758932709693909, 0.7760530114173889, 0.7762482762336731, 0.7761892676353455, 0.7762447595596313, 0.7763015031814575, 0.7762615084648132, 0.7761277556419373, 0.7763152718544006, 0.7763517498970032, 0.7762935161590576, 0.7764567732810974, 0.7763727307319641], "auc": [0.7466771006584167, 0.817205011844635, 0.8292134404182434, 0.8353990912437439, 0.8394001126289368, 0.8421934843063354, 0.844404399394989, 0.8459547758102417, 0.847261905670166, 0.848289966583252, 0.8492178320884705, 0.8501596450805664, 0.8508744835853577, 0.851616621017456, 0.8525092005729675, 0.8530844449996948, 0.8533205986022949, 0.8538687825202942, 0.8543288707733154, 0.854791522026062, 0.8551879525184631, 0.8554792404174805, 0.8558615446090698, 0.855915367603302, 0.8563812971115112, 0.8564965724945068, 0.8566715121269226, 0.8568952083587646, 0.8571120500564575, 0.8573902249336243, 0.8574479222297668, 0.857566773891449, 0.8577150106430054, 0.8576946258544922, 0.8579900860786438, 0.858245849609375, 0.8582322001457214, 0.8583213090896606, 0.8585302233695984, 0.8586474061012268, 0.8585817217826843, 0.8588314056396484, 0.8589077591896057, 0.8589708805084229, 0.858981728553772, 0.859147310256958, 0.859204113483429, 0.8592859506607056, 0.8592814207077026, 0.8595026731491089, 0.8596710562705994, 0.8596668243408203, 0.8597095608711243, 0.8597249984741211, 0.8598300218582153, 0.8599599599838257, 0.8599769473075867, 0.8599696159362793, 0.8600205779075623, 0.860066831111908, 0.8601546287536621, 0.8602935075759888, 0.8603762984275818, 0.8602623343467712, 0.8604680299758911, 0.8605031967163086, 0.8604329228401184, 0.8605480194091797, 0.860504686832428, 0.8605766296386719, 0.8605043888092041, 0.8607577681541443, 0.8606102466583252, 0.8606644868850708, 0.8607518076896667, 0.8608902096748352, 0.8608442544937134, 0.8608948588371277, 0.860852062702179, 0.8610191345214844, 0.8609378337860107, 0.8609697222709656, 0.8610233068466187, 0.8609502911567688, 0.8611124753952026, 0.8610498905181885, 0.8611590266227722, 0.8610630631446838, 0.861132025718689, 0.8612009882926941, 0.8612180948257446, 0.8612655401229858, 0.861298143863678, 0.8612918853759766, 0.8612615466117859, 0.8612347841262817, 0.8613088130950928, 0.8613386750221252, 0.8613759279251099, 0.8613042831420898],