{"loss": [0.6134421229362488, 0.5371348261833191, 0.5172724723815918, 0.507642924785614, 0.5009869933128357, 0.4969700872898102, 0.4930902421474457, 0.4904690682888031, 0.48824992775917053, 0.4864753186702728, 0.48476073145866394, 0.48377078771591187, 0.48234090209007263, 0.4813411831855774, 0.480472594499588, 0.47964972257614136, 0.4788323640823364, 0.4779636859893799, 0.4775752127170563, 0.47703269124031067, 0.47643622756004333, 0.4761855900287628, 0.475366473197937, 0.4750930070877075, 0.4748363494873047, 0.4744795858860016, 0.47414150834083557, 0.473747193813324, 0.47345831990242004, 0.4731803238391876, 0.47283855080604553, 0.4726593792438507, 0.47257477045059204, 0.472130686044693, 0.47205156087875366, 0.47186899185180664, 0.47155290842056274, 0.47126126289367676, 0.47145795822143555, 0.4710075855255127, 0.47092655301094055, 0.47066956758499146, 0.4705617129802704, 0.47028830647468567, 0.4700315296649933, 0.4700242280960083, 0.47001227736473083, 0.46970632672309875, 0.4695296287536621, 0.4694134593009949, 0.4693602919578552, 0.4690820276737213, 0.4690439999103546, 0.4691393971443176, 0.46898138523101807, 0.4688478708267212, 0.46880462765693665, 0.46845707297325134, 0.46841877698898315, 0.4684123694896698, 0.4682824909687042, 0.4681853950023651, 0.46829888224601746, 0.468100368976593, 0.46792110800743103, 0.46831637620925903, 0.4678332209587097, 0.467735230922699, 0.4677298665046692, 0.46777987480163574, 0.4675911068916321, 0.46764281392097473, 0.467542827129364, 0.46726399660110474, 0.46741580963134766, 0.46749937534332275, 0.46726346015930176, 0.4672655761241913, 0.46725746989250183, 0.4678073525428772, 0.4670942723751068, 0.4669826328754425, 0.4667452871799469, 0.4669196903705597, 0.4668538570404053, 0.46687132120132446, 0.4667525887489319, 0.46695682406425476, 0.46670421957969666, 0.46665436029434204, 0.46637555956840515, 0.46638432145118713, 0.4664040505886078, 0.46633222699165344, 0.46631935238838196, 0.4663022756576538, 0.46637579798698425, 0.4662260413169861, 0.46623069047927856, 0.46630147099494934], "accuracy": [0.6965849995613098, 0.7420740127563477, 0.7512447237968445, 0.7563587427139282, 0.7601705193519592, 0.7624552249908447, 0.7646899819374084, 0.7663542628288269, 0.7677115201950073, 0.7686305046081543, 0.7699547410011292, 0.7703072428703308, 0.771032989025116, 0.7717815041542053, 0.7722222208976746, 0.7728317379951477, 0.7731622457504272, 0.7738262414932251, 0.7739934921264648, 0.7742447257041931, 0.7744917273521423, 0.7748687267303467, 0.7753972411155701, 0.7755845189094543, 0.7757045030593872, 0.775811493396759, 0.7760635018348694, 0.7762487530708313, 0.7765957713127136, 0.7766904830932617, 0.777006983757019, 0.7769262790679932, 0.7769902348518372, 0.7771482467651367, 0.7772847414016724, 0.7775394916534424, 0.7777559757232666, 0.77776700258255, 0.777749240398407, 0.7780547738075256, 0.7781530022621155, 0.7782059907913208, 0.778375506401062, 0.7784397602081299, 0.7785364985466003, 0.7786197662353516, 0.7786710262298584, 0.7787517309188843, 0.7787759900093079, 0.7789587378501892, 0.779044508934021, 0.7790895104408264, 0.7791079878807068, 0.7791622281074524, 0.7793307304382324, 0.7792174816131592, 0.7794642448425293, 0.7795385122299194, 0.7794734835624695, 0.7796587347984314, 0.7797315120697021, 0.7797210216522217, 0.7797577381134033, 0.7799127697944641, 0.7799182534217834, 0.7797845005989075, 0.7799224853515625, 0.7799915075302124, 0.7803227305412292, 0.7801397442817688, 0.780243992805481, 0.7801867723464966, 0.7802914977073669, 0.7804282307624817, 0.7803617715835571, 0.7803212404251099, 0.7803205251693726, 0.7805277705192566, 0.7805407643318176, 0.7803565263748169, 0.7806022763252258, 0.7805912494659424, 0.7809064984321594, 0.7806232571601868, 0.780533492565155, 0.7807892560958862, 0.7808657288551331, 0.7807052731513977, 0.7810140252113342, 0.7809117436408997, 0.7810767292976379, 0.7809712290763855, 0.7810180187225342, 0.7811527252197266, 0.7809544801712036, 0.7811347246170044, 0.7810537219047546, 0.7810792326927185, 0.7811362743377686, 0.781003475189209], "auc": [0.7678838968276978, 0.8221006989479065, 0.8332298994064331, 0.8391073346138, 0.8434298634529114, 0.8460293412208557, 0.8485954403877258, 0.8503029942512512, 0.851706862449646, 0.8528673052787781, 0.8539684414863586, 0.8545870184898376, 0.8554627895355225, 0.8561550974845886, 0.8566792607307434, 0.8572317361831665, 0.8577284216880798, 0.8583054542541504, 0.8585445880889893, 0.8588788509368896, 0.8592957854270935, 0.8594411015510559, 0.8599602580070496, 0.8601586818695068, 0.8603575825691223, 0.8605660796165466, 0.8608032464981079, 0.8610520362854004, 0.8612951636314392, 0.8614259958267212, 0.861631453037262, 0.8618007302284241, 0.8618281483650208, 0.8620923757553101, 0.8621662259101868, 0.862289547920227, 0.8624679446220398, 0.862678050994873, 0.8625345826148987, 0.8628270626068115, 0.8628963828086853, 0.8630390167236328, 0.8631322383880615, 0.8632885813713074, 0.8634240031242371, 0.8634654879570007, 0.8634669780731201, 0.8636829257011414, 0.863777756690979, 0.8638432025909424, 0.8639035224914551, 0.8640583753585815, 0.8640824556350708, 0.8640870451927185, 0.8641736507415771, 0.8642303943634033, 0.8642699122428894, 0.8645058274269104, 0.8645182847976685, 0.8645684719085693, 0.8646512031555176, 0.8646886348724365, 0.8646718263626099, 0.8648008108139038, 0.8648650646209717, 0.8646680116653442, 0.8649895191192627, 0.8650307655334473, 0.8651024103164673, 0.8650531768798828, 0.8651843070983887, 0.8651652932167053, 0.8652158379554749, 0.8654025197029114, 0.8653244376182556, 0.8652817010879517, 0.8653896450996399, 0.8654246926307678, 0.8654094934463501, 0.8652519583702087, 0.8655523657798767, 0.8656237721443176, 0.8657715320587158, 0.8656585812568665, 0.8656961917877197, 0.8656876683235168, 0.8657682538032532, 0.8656707406044006, 0.8658275604248047, 0.865863561630249, 0.8660115003585815, 0.8660288453102112, 0.8660217523574829, 0.8660460114479065, 0.8660712242126465, 0.8660709261894226, 0.8660778403282166, 0.8661261796951294, 0.8660992383956909, 0.8660876154899597],