{"loss": [0.6148702502250671, 0.5419368743896484, 0.521528422832489, 0.5116260647773743, 0.5056174397468567, 0.5010951161384583, 0.4976300001144409, 0.4946827292442322, 0.49250534176826477, 0.49075984954833984, 0.48888784646987915, 0.4873746633529663, 0.4862331748008728, 0.48540550470352173, 0.4843376874923706, 0.48311105370521545, 0.4823092222213745, 0.48165687918663025, 0.48078078031539917, 0.48012885451316833, 0.4797130227088928, 0.4791092872619629, 0.47869786620140076, 0.47824621200561523, 0.4778367280960083, 0.47750329971313477, 0.4771929979324341, 0.4767705202102661, 0.476754367351532, 0.47630858421325684, 0.47616079449653625, 0.4758797585964203, 0.47570088505744934, 0.4753393828868866, 0.47516709566116333, 0.4749724566936493, 0.47472524642944336, 0.47469574213027954, 0.4743509590625763, 0.47401735186576843, 0.4740425646305084, 0.47394683957099915, 0.47359806299209595, 0.47354522347450256, 0.47351518273353577, 0.4731649160385132, 0.4730352759361267, 0.47304561734199524, 0.47287315130233765, 0.47284018993377686, 0.47258666157722473, 0.4728432297706604, 0.472377747297287, 0.47240352630615234, 0.47232386469841003, 0.4722646474838257, 0.4722115397453308, 0.4722539186477661, 0.47202470898628235, 0.47180792689323425, 0.4715474545955658, 0.4718455374240875, 0.47166508436203003, 0.4718213379383087, 0.47149839997291565, 0.47133687138557434, 0.4715595841407776, 0.4713503122329712, 0.47124555706977844, 0.47127360105514526, 0.4711504280567169, 0.4710865318775177, 0.47122424840927124, 0.470901757478714, 0.47091230750083923, 0.47084805369377136, 0.4709625840187073, 0.4708455204963684, 0.47052037715911865, 0.4707425832748413, 0.4706728160381317, 0.47044509649276733, 0.4705526828765869, 0.4704138934612274, 0.4704291820526123, 0.4704805016517639, 0.47035887837409973, 0.47035056352615356, 0.4704262316226959, 0.4703408181667328, 0.4702765941619873, 0.4700438678264618, 0.47003665566444397, 0.47000956535339355, 0.4701560437679291, 0.46990451216697693, 0.46999022364616394, 0.46997666358947754, 0.4697697162628174, 0.46993809938430786], "accuracy": [0.6843687295913696, 0.7376534938812256, 0.7479652762413025, 0.7530425190925598, 0.7560152411460876, 0.7583237290382385, 0.7601062655448914, 0.7616772651672363, 0.7627222537994385, 0.7637262344360352, 0.7645854949951172, 0.7655232548713684, 0.7661485075950623, 0.7666400074958801, 0.7672834992408752, 0.7679242491722107, 0.7683597207069397, 0.7687050104141235, 0.769202470779419, 0.7697154879570007, 0.7700055241584778, 0.7703602313995361, 0.7706182599067688, 0.7710257768630981, 0.7710467576980591, 0.771189272403717, 0.7714574933052063, 0.7716684937477112, 0.7716839909553528, 0.7721179723739624, 0.7720149755477905, 0.7722127437591553, 0.772167980670929, 0.7725802659988403, 0.7726705074310303, 0.7726039886474609, 0.7730782628059387, 0.7729139924049377, 0.7731695175170898, 0.7734414935112, 0.7732319831848145, 0.7733692526817322, 0.7735040187835693, 0.7736855149269104, 0.7735235095024109, 0.7739480137825012, 0.7737837433815002, 0.7739692330360413, 0.773976743221283, 0.773890495300293, 0.7741532325744629, 0.7741022706031799, 0.7741209864616394, 0.7743112444877625, 0.7743510007858276, 0.7745212316513062, 0.7744597792625427, 0.7743737697601318, 0.7746297717094421, 0.774528980255127, 0.7749295234680176, 0.7747817635536194, 0.7747427225112915, 0.7746840119361877, 0.7748337388038635, 0.7749904990196228, 0.7748292684555054, 0.7748554944992065, 0.774987518787384, 0.7750405073165894, 0.7750269770622253, 0.7750669717788696, 0.7751100063323975, 0.7752562761306763, 0.7752492427825928, 0.7750532627105713, 0.775194525718689, 0.7752705216407776, 0.7753387689590454, 0.7754114866256714, 0.7752864956855774, 0.7755602598190308, 0.7754722237586975, 0.7755347490310669, 0.7754957675933838, 0.775587260723114, 0.7755709886550903, 0.7756770253181458, 0.7754767537117004, 0.775444507598877, 0.7755882740020752, 0.7757800221443176, 0.7757269740104675, 0.7758299708366394, 0.7754947543144226, 0.7756270170211792, 0.7757015228271484, 0.7757777571678162, 0.7760352492332458, 0.7757930159568787], "auc": [0.7548035383224487, 0.8168467879295349, 0.8292945027351379, 0.8351070284843445, 0.8386537432670593, 0.8413323760032654, 0.8434305787086487, 0.8451967239379883, 0.8464713096618652, 0.8475125432014465, 0.848677933216095, 0.8495896458625793, 0.8502972722053528, 0.8507753014564514, 0.8514560461044312, 0.85224449634552, 0.8527387380599976, 0.8531611561775208, 0.853726327419281, 0.8541633486747742, 0.8544324636459351, 0.8547978401184082, 0.855087161064148, 0.8553817272186279, 0.8556215167045593, 0.8558307886123657, 0.856020987033844, 0.8562930822372437, 0.8563091158866882, 0.8566243648529053, 0.8566940426826477, 0.8568819761276245, 0.8569567203521729, 0.8572089672088623, 0.8573240041732788, 0.8574290871620178, 0.8576240539550781, 0.8576298356056213, 0.8578556776046753, 0.8580637574195862, 0.8580606579780579, 0.8581192493438721, 0.8583411574363708, 0.8583711981773376, 0.8583769202232361, 0.8586443662643433, 0.8586962819099426, 0.8587331175804138, 0.8588160276412964, 0.858847975730896, 0.8590146899223328, 0.8588418960571289, 0.8591408729553223, 0.8591143488883972, 0.8591585159301758, 0.8592234253883362, 0.8592610359191895, 0.8592169284820557, 0.8594087958335876, 0.8595358729362488, 0.8596964478492737, 0.8595053553581238, 0.8596088886260986, 0.8595136404037476, 0.8597092032432556, 0.8598227500915527, 0.859672486782074, 0.8598140478134155, 0.8599002361297607, 0.8598697781562805, 0.8599500060081482, 0.8599710464477539, 0.8599128127098083, 0.8601361513137817, 0.8601261973381042, 0.8601531982421875, 0.860069990158081, 0.8601652979850769, 0.8603569865226746, 0.8602305054664612, 0.8602591156959534, 0.8604127168655396, 0.860338568687439, 0.8604269027709961, 0.860389232635498, 0.8603936433792114, 0.8604717254638672, 0.8604755997657776, 0.8604033589363098, 0.8604558706283569, 0.860514760017395, 0.860687255859375, 0.8606749773025513, 0.8606880903244019, 0.8605970740318298, 0.8607345223426819, 0.8607200980186462, 0.8607127070426941, 0.8608681559562683, 0.8607199192047119],