{"loss": [0.6442490220069885, 0.5774521827697754, 0.5577032566070557, 0.5467707514762878, 0.5403231978416443, 0.5344886779785156, 0.5294322371482849, 0.5260050296783447, 0.5232915878295898, 0.5212239027023315, 0.5187975168228149, 0.5175467133522034, 0.5158237218856812, 0.5145041942596436, 0.5130338072776794, 0.5121335983276367, 0.5107893347740173, 0.51004558801651, 0.5092417597770691, 0.5083150863647461, 0.5075024366378784, 0.5067999958992004, 0.5058636665344238, 0.5053320527076721, 0.5048074126243591, 0.5042033195495605, 0.5035063028335571, 0.5030710101127625, 0.5025597810745239, 0.5020707845687866, 0.5012410283088684, 0.5009850859642029, 0.5005688071250916, 0.5002037882804871, 0.4997478723526001, 0.4993293583393097, 0.49906453490257263, 0.4986265301704407, 0.49848073720932007, 0.49825578927993774, 0.49799832701683044, 0.4976719319820404, 0.49756959080696106, 0.4972255527973175, 0.49703511595726013, 0.4968774616718292, 0.4966711699962616, 0.49657103419303894, 0.496241956949234, 0.4962351322174072, 0.49616682529449463, 0.49566778540611267, 0.4958118200302124, 0.49575480818748474, 0.49559301137924194, 0.495523601770401, 0.49512186646461487, 0.4951321482658386, 0.49479588866233826, 0.4949459731578827, 0.4948415458202362, 0.4947119653224945, 0.494632363319397, 0.49449989199638367, 0.4943017363548279, 0.4943715035915375, 0.49418318271636963, 0.49422669410705566, 0.49407997727394104, 0.49394693970680237, 0.4938592314720154, 0.49368733167648315, 0.4937695860862732, 0.49383166432380676, 0.49367669224739075, 0.49345460534095764, 0.49347707629203796, 0.49350446462631226, 0.4933101236820221, 0.49308109283447266, 0.49319544434547424, 0.49309995770454407, 0.49323269724845886, 0.49294066429138184, 0.49291932582855225, 0.4928297996520996, 0.4928465187549591, 0.49278366565704346, 0.4927300810813904, 0.4927813708782196, 0.4926661252975464, 0.49253806471824646, 0.4927607774734497, 0.49265173077583313, 0.4925054907798767, 0.4924735426902771, 0.4922834634780884, 0.4924085736274719, 0.492411345243454, 0.4922758638858795], "accuracy": [0.6461957693099976, 0.7077900171279907, 0.7207170128822327, 0.7274370193481445, 0.7308840155601501, 0.7346757650375366, 0.737932026386261, 0.7400115132331848, 0.7418752312660217, 0.7429255247116089, 0.7442372441291809, 0.7451857328414917, 0.7459229826927185, 0.7465797662734985, 0.7475322484970093, 0.747984766960144, 0.7486169934272766, 0.7489297389984131, 0.7491957545280457, 0.7497232556343079, 0.750229001045227, 0.7503822445869446, 0.7508934736251831, 0.7511347532272339, 0.7513285279273987, 0.7517597675323486, 0.7519475221633911, 0.7522990107536316, 0.7524097561836243, 0.7527685165405273, 0.7530590295791626, 0.7531359791755676, 0.7534825205802917, 0.7535309791564941, 0.7538930177688599, 0.7539622783660889, 0.7541612386703491, 0.7543867230415344, 0.7545490264892578, 0.7546257376670837, 0.7547682523727417, 0.7550192475318909, 0.7548394799232483, 0.7551597356796265, 0.755200982093811, 0.7551754713058472, 0.7554632425308228, 0.7553752660751343, 0.7556430101394653, 0.7556787729263306, 0.7556985020637512, 0.7559702396392822, 0.75604647397995, 0.7558757662773132, 0.7561432719230652, 0.7561192512512207, 0.7563607692718506, 0.7563387751579285, 0.7563982605934143, 0.7564690113067627, 0.7564820051193237, 0.7566145062446594, 0.7565272450447083, 0.7565799951553345, 0.7566817402839661, 0.7568410038948059, 0.7567427754402161, 0.7568305134773254, 0.7569577693939209, 0.7568730115890503, 0.7571784853935242, 0.75697922706604, 0.7571117281913757, 0.757156252861023, 0.7570605278015137, 0.7572927474975586, 0.7572412490844727, 0.7573004961013794, 0.7573375105857849, 0.7576709985733032, 0.7573607563972473, 0.7575230002403259, 0.7574740052223206, 0.7575269937515259, 0.7574549913406372, 0.7575757503509521, 0.7575734853744507, 0.7577537298202515, 0.757635235786438, 0.7575742602348328, 0.7577237486839294, 0.757794976234436, 0.7576562762260437, 0.7576795220375061, 0.7578392624855042, 0.7579467296600342, 0.7579812407493591, 0.7579397559165955, 0.7578985095024109, 0.757912278175354], "auc": [0.7049364447593689, 0.780083179473877, 0.7964714765548706, 0.8049382567405701, 0.8096634745597839, 0.814118504524231, 0.8180199861526489, 0.8205273151397705, 0.822443425655365, 0.8238491415977478, 0.8255341649055481, 0.82630455493927, 0.8274073600769043, 0.8282315135002136, 0.8291788697242737, 0.8296809792518616, 0.8305485248565674, 0.8309555053710938, 0.8314173817634583, 0.8319693803787231, 0.8324549794197083, 0.8328530788421631, 0.8334490656852722, 0.8337420225143433, 0.8340296745300293, 0.8343635201454163, 0.8348138928413391, 0.8350458145141602, 0.8353509306907654, 0.8356481790542603, 0.8361889123916626, 0.8362923264503479, 0.8365549445152283, 0.8367816209793091, 0.8370562791824341, 0.8372875452041626, 0.8374441266059875, 0.8377380967140198, 0.8377964496612549, 0.8379189968109131, 0.8380785584449768, 0.838293194770813, 0.8383235931396484, 0.8385556936264038, 0.8386583924293518, 0.838746190071106, 0.8388894200325012, 0.8389331102371216, 0.8391526937484741, 0.8391293287277222, 0.839182436466217, 0.8395047783851624, 0.839401125907898, 0.8394049406051636, 0.8395094871520996, 0.8395580649375916, 0.8398209810256958, 0.839816153049469, 0.8400479555130005, 0.8399152159690857, 0.8399983048439026, 0.8400945663452148, 0.8401230573654175, 0.8402015566825867, 0.8403292298316956, 0.8403006196022034, 0.8403989672660828, 0.840381383895874, 0.8404855132102966, 0.8405501842498779, 0.8406345248222351, 0.8407480120658875, 0.840692400932312, 0.840628445148468, 0.8407548069953918, 0.8408979177474976, 0.8408697843551636, 0.8408564329147339, 0.8409928679466248, 0.8411751389503479, 0.8410770297050476, 0.8411546349525452, 0.841060221195221, 0.8412538170814514, 0.8412507176399231, 0.84133380651474, 0.8413220643997192, 0.8413586020469666, 0.8413950800895691, 0.8413547873497009, 0.8414496779441833, 0.8415297865867615, 0.8413515686988831, 0.8414544463157654, 0.8415535092353821, 0.84159255027771, 0.8417119979858398, 0.8416235446929932, 0.8416194915771484, 0.8417048454284668],