{"loss": [0.6104656457901001, 0.5368860960006714, 0.5173667073249817, 0.5071757435798645, 0.5011864304542542, 0.496679425239563, 0.4936668574810028, 0.4912762939929962, 0.4896014630794525, 0.48796916007995605, 0.486721396446228, 0.4857357442378998, 0.484732985496521, 0.4837437570095062, 0.48348504304885864, 0.4828220307826996, 0.4819444715976715, 0.4816340208053589, 0.48114314675331116, 0.4808613359928131, 0.48042190074920654, 0.4798317849636078, 0.47963088750839233, 0.47941309213638306, 0.47931066155433655, 0.47878873348236084, 0.4787781536579132, 0.47833842039108276, 0.47832128405570984, 0.4781193137168884, 0.4778077006340027, 0.4776821732521057, 0.47751834988594055, 0.4772969186306, 0.47726771235466003, 0.47715142369270325, 0.4769322872161865, 0.4768683612346649, 0.47678637504577637, 0.4765976369380951, 0.47645553946495056, 0.47650545835494995, 0.4763179123401642, 0.47619861364364624, 0.4760558605194092, 0.4759184718132019, 0.4758709669113159, 0.4758369028568268, 0.4758601188659668, 0.47572943568229675, 0.47551319003105164, 0.4755280315876007, 0.4753275513648987, 0.47528907656669617, 0.4752516448497772, 0.4753550589084625, 0.47520411014556885, 0.47508108615875244, 0.47510015964508057, 0.4750772714614868, 0.47491708397865295, 0.4749070405960083, 0.4750152826309204, 0.47500374913215637, 0.47479620575904846, 0.47469887137413025, 0.4748350977897644, 0.4747472405433655, 0.47469279170036316, 0.4745994210243225, 0.4745387136936188, 0.4745742678642273, 0.47443318367004395, 0.4744754433631897, 0.4743468761444092, 0.47434714436531067, 0.47428447008132935, 0.4741884469985962, 0.47428810596466064, 0.4739843010902405, 0.4741378128528595, 0.47412192821502686, 0.4739961624145508, 0.4740563631057739, 0.4740448296070099, 0.4739135801792145, 0.4739551842212677, 0.4737813174724579, 0.4739643633365631, 0.47371426224708557, 0.473836213350296, 0.47366607189178467, 0.47369930148124695, 0.47374793887138367, 0.4736701250076294, 0.47356894612312317, 0.47365236282348633, 0.47366100549697876, 0.47362759709358215, 0.47370895743370056], "accuracy": [0.6892650127410889, 0.7389482259750366, 0.7487074732780457, 0.7538707256317139, 0.7571675181388855, 0.7595822215080261, 0.7614202499389648, 0.762793242931366, 0.7637004852294922, 0.7646704912185669, 0.7654537558555603, 0.7658652663230896, 0.7664687633514404, 0.7670782208442688, 0.7673155069351196, 0.7676477432250977, 0.7679154872894287, 0.7683025002479553, 0.7685207724571228, 0.7686579823493958, 0.7691032290458679, 0.7693182229995728, 0.7694165110588074, 0.7695760130882263, 0.7696325182914734, 0.7700337767601013, 0.7698404788970947, 0.7702832221984863, 0.7701820135116577, 0.7701979875564575, 0.7704690098762512, 0.7704795002937317, 0.7707629799842834, 0.7710384726524353, 0.7708724737167358, 0.770817220211029, 0.7711262702941895, 0.7710567712783813, 0.7711127400398254, 0.7712817788124084, 0.7713532447814941, 0.7713494896888733, 0.7713002562522888, 0.7714084982872009, 0.7716547250747681, 0.7717512249946594, 0.7716709971427917, 0.7716687321662903, 0.7715162634849548, 0.7718759775161743, 0.7720127701759338, 0.7720569968223572, 0.7719707489013672, 0.7720685005187988, 0.7720957398414612, 0.7718837261199951, 0.7721545100212097, 0.7721062302589417, 0.7720414996147156, 0.7719969749450684, 0.7721620202064514, 0.7722262740135193, 0.7721225023269653, 0.7722370028495789, 0.7723594903945923, 0.7723159790039062, 0.7725149989128113, 0.77218097448349, 0.7722275257110596, 0.7724459767341614, 0.7724442481994629, 0.7725229859352112, 0.7725817561149597, 0.7725200057029724, 0.7726809978485107, 0.7725784778594971, 0.7726872563362122, 0.7726500034332275, 0.7726374864578247, 0.7727490067481995, 0.772716760635376, 0.7727050185203552, 0.7727810144424438, 0.7727059721946716, 0.772716760635376, 0.7729725241661072, 0.772798478603363, 0.7730500102043152, 0.7730432748794556, 0.772954523563385, 0.7729470133781433, 0.773044764995575, 0.7729847431182861, 0.7729037404060364, 0.7729784846305847, 0.7731199860572815, 0.7731109857559204, 0.7730575203895569, 0.7731429934501648, 0.7730287313461304], "auc": [0.7609480619430542, 0.8193709850311279, 0.8304876685142517, 0.836588442325592, 0.8402507305145264, 0.8430836200714111, 0.8449891805648804, 0.846493124961853, 0.8474926948547363, 0.8485473394393921, 0.8493245244026184, 0.8499178886413574, 0.8505740165710449, 0.8512384295463562, 0.8513485789299011, 0.8517824411392212, 0.8523262739181519, 0.8525617122650146, 0.8528690934181213, 0.8530471920967102, 0.8533428907394409, 0.853735625743866, 0.8538206815719604, 0.8539811372756958, 0.8540542721748352, 0.8543848395347595, 0.8543877601623535, 0.8546883463859558, 0.8546881675720215, 0.8548505902290344, 0.8550281524658203, 0.8550906181335449, 0.8552044034004211, 0.8553958535194397, 0.8553682565689087, 0.8554491400718689, 0.855621337890625, 0.855648398399353, 0.8557112812995911, 0.8558366894721985, 0.8559196591377258, 0.8558542132377625, 0.8559727072715759, 0.8560800552368164, 0.8561992645263672, 0.8562516570091248, 0.8562854528427124, 0.8562889695167542, 0.8562845587730408, 0.8563761711120605, 0.8565205335617065, 0.8565003275871277, 0.8566375374794006, 0.8566554188728333, 0.8566816449165344, 0.85660320520401, 0.8567312955856323, 0.8568171858787537, 0.8567970991134644, 0.8567867875099182, 0.8569034934043884, 0.8569154143333435, 0.856820285320282, 0.8568446040153503, 0.8569948673248291, 0.8570597171783447, 0.8569748997688293, 0.8570162653923035, 0.8570566773414612, 0.8571329712867737, 0.857158899307251, 0.8571332693099976, 0.8572088479995728, 0.8571887612342834, 0.8572834134101868, 0.8573048114776611, 0.8573282361030579, 0.857377290725708, 0.8573203682899475, 0.8575311303138733, 0.857403576374054, 0.8574088215827942, 0.8575227856636047, 0.8574632406234741, 0.8575026988983154, 0.8575534820556641, 0.8575664162635803, 0.8576437830924988, 0.8575490117073059, 0.8577013611793518, 0.8576139211654663, 0.857728898525238, 0.857722818851471, 0.8576775789260864, 0.8577309846878052, 0.8577879071235657, 0.8577675819396973, 0.8577594757080078, 0.8577990531921387, 0.8577269315719604],