{"loss": [0.6266579627990723, 0.5438643097877502, 0.5214741230010986, 0.5107528567314148, 0.5038074851036072, 0.4992474615573883, 0.49580034613609314, 0.49302828311920166, 0.4906187057495117, 0.4890310764312744, 0.48709359765052795, 0.4856475293636322, 0.48431190848350525, 0.4832262098789215, 0.4821595847606659, 0.4813326895236969, 0.4803120791912079, 0.479493111371994, 0.478988379240036, 0.4783046245574951, 0.47765833139419556, 0.4772096276283264, 0.4769102931022644, 0.4761319160461426, 0.4754468500614166, 0.4752832353115082, 0.47468283772468567, 0.47479671239852905, 0.47428765892982483, 0.4740360975265503, 0.4733368456363678, 0.4733707308769226, 0.473197340965271, 0.4726458489894867, 0.4724089503288269, 0.47230663895606995, 0.47193238139152527, 0.47206351161003113, 0.47175633907318115, 0.4714605510234833, 0.47151994705200195, 0.47154808044433594, 0.4712369441986084, 0.47087833285331726, 0.47085875272750854, 0.470493882894516, 0.4706248939037323, 0.4706839621067047, 0.4703526198863983, 0.47012579441070557, 0.4701493978500366, 0.47007593512535095, 0.4700314402580261, 0.4698110818862915, 0.46964725852012634, 0.46953365206718445, 0.4696481227874756, 0.46953627467155457, 0.4692237675189972, 0.4693852365016937, 0.4692014157772064, 0.4691213369369507, 0.46924805641174316, 0.4692423939704895, 0.46890345215797424, 0.46895501017570496, 0.46876630187034607, 0.4686051309108734, 0.46866700053215027, 0.4685410261154175, 0.46859002113342285, 0.4684771001338959, 0.4683557450771332, 0.4683213233947754, 0.468355655670166, 0.46830981969833374, 0.4680179953575134, 0.46801942586898804, 0.4683004915714264, 0.4681210219860077, 0.46793508529663086, 0.46780604124069214, 0.4677869975566864, 0.4676865339279175, 0.467845618724823, 0.467632532119751, 0.46778547763824463, 0.4677286446094513, 0.46754157543182373, 0.4675442576408386, 0.4673294126987457, 0.46756476163864136, 0.4672474265098572, 0.4673386812210083, 0.46735942363739014, 0.46744975447654724, 0.46724680066108704, 0.4672580361366272, 0.4673267602920532, 0.46712133288383484], "accuracy": [0.6823264956474304, 0.7377604842185974, 0.7488872408866882, 0.7543647289276123, 0.7582859992980957, 0.7606465220451355, 0.762767493724823, 0.7642005085945129, 0.7656909823417664, 0.7667232751846313, 0.767649233341217, 0.7687960267066956, 0.7693864703178406, 0.770118236541748, 0.7707870006561279, 0.7711060047149658, 0.7717552781105042, 0.7724147439002991, 0.772578239440918, 0.7729862332344055, 0.7735170125961304, 0.7735555171966553, 0.7740742564201355, 0.7744380235671997, 0.7746187448501587, 0.7748445272445679, 0.775250256061554, 0.7751950025558472, 0.7754585146903992, 0.7755439877510071, 0.776178777217865, 0.7759687304496765, 0.7761244773864746, 0.776454508304596, 0.7767074704170227, 0.7766634821891785, 0.7768620252609253, 0.776924729347229, 0.7771649956703186, 0.7772114872932434, 0.777205228805542, 0.7773299813270569, 0.7775899767875671, 0.7776212692260742, 0.7777184844017029, 0.7778987288475037, 0.7778750061988831, 0.7777557373046875, 0.7778252363204956, 0.778129518032074, 0.778146505355835, 0.7781484723091125, 0.7781442403793335, 0.7781277298927307, 0.778465986251831, 0.778492271900177, 0.7785232663154602, 0.7784867286682129, 0.7786127328872681, 0.7784590125083923, 0.7788637280464172, 0.7786807417869568, 0.7787294983863831, 0.7786654829978943, 0.7788910269737244, 0.7788450121879578, 0.7789972424507141, 0.7791257500648499, 0.7790817618370056, 0.7792232632637024, 0.7793874740600586, 0.779117226600647, 0.7791107296943665, 0.7791979908943176, 0.7793612480163574, 0.7791142463684082, 0.7794837355613708, 0.7795647382736206, 0.7794265151023865, 0.7795932292938232, 0.7794032692909241, 0.779544472694397, 0.7795699834823608, 0.7797147631645203, 0.7795367240905762, 0.7796519994735718, 0.7796057462692261, 0.7796762585639954, 0.7797240018844604, 0.7797309756278992, 0.7797830104827881, 0.7797497510910034, 0.779916524887085, 0.7798612713813782, 0.7800492644309998, 0.7799272537231445, 0.7799702286720276, 0.7799980044364929, 0.7799367308616638, 0.7800719738006592], "auc": [0.750480592250824, 0.8171579837799072, 0.8304361701011658, 0.83685702085495, 0.8411577343940735, 0.8439509272575378, 0.8461843132972717, 0.8479020595550537, 0.8494651317596436, 0.85047847032547, 0.8517491817474365, 0.8526947498321533, 0.8535082936286926, 0.854241669178009, 0.8549342155456543, 0.8554597496986389, 0.8561189770698547, 0.8566758036613464, 0.8569981455802917, 0.8574582934379578, 0.857902467250824, 0.8581688404083252, 0.8583946824073792, 0.8588745594024658, 0.8592892289161682, 0.859450101852417, 0.8598353266716003, 0.8597840070724487, 0.8601197600364685, 0.8602791428565979, 0.8607255816459656, 0.8606880307197571, 0.8608112335205078, 0.861182451248169, 0.8613347411155701, 0.8613975644111633, 0.8616414666175842, 0.8615982532501221, 0.8618468642234802, 0.8619741797447205, 0.8619677424430847, 0.8619820475578308, 0.8622231483459473, 0.8624196648597717, 0.8624345064163208, 0.8626701235771179, 0.8626033067703247, 0.8625739812850952, 0.8627709746360779, 0.8629269003868103, 0.8629088401794434, 0.8629646897315979, 0.8629926443099976, 0.8631730675697327, 0.8632797598838806, 0.8633330464363098, 0.8632830381393433, 0.8633396625518799, 0.8635338544845581, 0.8634446263313293, 0.8635733127593994, 0.8635815382003784, 0.8635225296020508, 0.8635276556015015, 0.8637595176696777, 0.8637114763259888, 0.8638118505477905, 0.8639278411865234, 0.8639048337936401, 0.8639646172523499, 0.8639383912086487, 0.8640262484550476, 0.8640568852424622, 0.8640871047973633, 0.8641242384910583, 0.8641148209571838, 0.8643067479133606, 0.8643079400062561, 0.864117443561554, 0.8642293810844421, 0.8643498420715332, 0.8644080758094788, 0.8644459247589111, 0.8645082116127014, 0.8643950819969177, 0.8645529747009277, 0.8644307851791382, 0.8645123839378357, 0.864628255367279, 0.8646133542060852, 0.8647284507751465, 0.8645951151847839, 0.8647854924201965, 0.8647295832633972, 0.8647498488426208, 0.8646920919418335, 0.8648108243942261, 0.8647922873497009, 0.8647527694702148, 0.8649079203605652],