{"loss": [0.6309792995452881, 0.5384197235107422, 0.5173022150993347, 0.5083032846450806, 0.5026503205299377, 0.4986468255519867, 0.4956439137458801, 0.49322938919067383, 0.4907887876033783, 0.48951229453086853, 0.4880006015300751, 0.4868587553501129, 0.48569831252098083, 0.484830766916275, 0.4838331937789917, 0.4831070899963379, 0.4825977683067322, 0.4818143844604492, 0.48093268275260925, 0.48048487305641174, 0.48003923892974854, 0.4795858561992645, 0.47912874817848206, 0.47848886251449585, 0.4784252941608429, 0.4780007302761078, 0.47755685448646545, 0.47727543115615845, 0.4770847260951996, 0.4765431582927704, 0.47626033425331116, 0.4765230119228363, 0.47569143772125244, 0.47554439306259155, 0.4755062758922577, 0.47521889209747314, 0.4751245677471161, 0.47480812668800354, 0.4746423065662384, 0.4746655523777008, 0.4741874933242798, 0.47428250312805176, 0.4741036891937256, 0.47403234243392944, 0.4734802544116974, 0.47348716855049133, 0.47340914607048035, 0.4731234908103943, 0.4729211926460266, 0.4731774628162384, 0.47286468744277954, 0.4726908206939697, 0.47259730100631714, 0.47232651710510254, 0.4723854959011078, 0.47243714332580566, 0.4722258448600769, 0.47211888432502747, 0.471835196018219, 0.4716761112213135, 0.4717181622982025, 0.4714886248111725, 0.4713590145111084, 0.47135865688323975, 0.4712050259113312, 0.4712134003639221, 0.471080482006073, 0.4709548056125641, 0.4709475040435791, 0.47120535373687744, 0.4707077741622925, 0.4705668091773987, 0.4702446162700653, 0.47044283151626587, 0.4705207943916321, 0.47039225697517395, 0.47021040320396423, 0.4701020419597626, 0.47010815143585205, 0.47001999616622925, 0.46991226077079773, 0.469719260931015, 0.46999770402908325, 0.46974071860313416, 0.46970534324645996, 0.46964243054389954, 0.46938395500183105, 0.46958431601524353, 0.46967509388923645, 0.46957308053970337, 0.46940919756889343, 0.46926116943359375, 0.46927815675735474, 0.4691912829875946, 0.4691983461380005, 0.4697593152523041, 0.4692019522190094, 0.4689965844154358, 0.47018417716026306, 0.4689705967903137], "accuracy": [0.688186764717102, 0.7408097386360168, 0.750944972038269, 0.7558630108833313, 0.7592422366142273, 0.761826753616333, 0.7636945247650146, 0.7653627395629883, 0.7667649984359741, 0.7677372694015503, 0.7685317397117615, 0.7693782448768616, 0.7699782252311707, 0.7706842422485352, 0.7712035179138184, 0.7718462347984314, 0.7721312642097473, 0.7725859880447388, 0.7731130123138428, 0.7734665274620056, 0.7737420201301575, 0.7740495204925537, 0.7744577527046204, 0.7747870087623596, 0.7748667597770691, 0.7753815054893494, 0.7753877639770508, 0.775794267654419, 0.7757417559623718, 0.7758122682571411, 0.7763370275497437, 0.7762665152549744, 0.7767620086669922, 0.7769712209701538, 0.7769982218742371, 0.777019739151001, 0.7772877216339111, 0.7773939967155457, 0.7775310277938843, 0.7776374816894531, 0.7778992652893066, 0.777982771396637, 0.777896523475647, 0.7782777547836304, 0.7784632444381714, 0.7784622311592102, 0.778470516204834, 0.778652012348175, 0.7787824869155884, 0.7788025140762329, 0.7790087461471558, 0.7792377471923828, 0.7790995240211487, 0.779325008392334, 0.779333770275116, 0.7793269753456116, 0.779518723487854, 0.7797662615776062, 0.7798162698745728, 0.7798847556114197, 0.7800477743148804, 0.7799992561340332, 0.7801697254180908, 0.7801039814949036, 0.7803492546081543, 0.7805280089378357, 0.7804962396621704, 0.7805969715118408, 0.7806462645530701, 0.7805402278900146, 0.7808007597923279, 0.7809122204780579, 0.7809907793998718, 0.7809910178184509, 0.781103253364563, 0.78093022108078, 0.7812650203704834, 0.7814570069313049, 0.7811262607574463, 0.7813367247581482, 0.7813624739646912, 0.7814692258834839, 0.781401515007019, 0.7814547419548035, 0.7818359732627869, 0.7816847562789917, 0.7816992402076721, 0.7816717624664307, 0.781665027141571, 0.7816535234451294, 0.7819405198097229, 0.7819767594337463, 0.7821372747421265, 0.7820252776145935, 0.7822032570838928, 0.7820362448692322, 0.7821084856987, 0.7821199893951416, 0.7819474935531616, 0.7822315096855164], "auc": [0.7574217915534973, 0.8205773234367371, 0.8327118158340454, 0.8384450078010559, 0.8424201607704163, 0.845288872718811, 0.8474138975143433, 0.8490950465202332, 0.8507177829742432, 0.8516287207603455, 0.8526841402053833, 0.8535076379776001, 0.8542448878288269, 0.8548865914344788, 0.8555840849876404, 0.8561006188392639, 0.8564721941947937, 0.8570213913917542, 0.8576497435569763, 0.8579761385917664, 0.8583118319511414, 0.8586251139640808, 0.8589565753936768, 0.8593569993972778, 0.8594748377799988, 0.8598120212554932, 0.8601330518722534, 0.8603341579437256, 0.8605018258094788, 0.860784649848938, 0.8610097169876099, 0.8609617352485657, 0.8615031242370605, 0.8615928292274475, 0.8616963624954224, 0.861865758895874, 0.8619583249092102, 0.8622310757637024, 0.862379252910614, 0.8624061346054077, 0.8626883029937744, 0.8627161979675293, 0.8628571033477783, 0.8629176616668701, 0.8632920384407043, 0.863321840763092, 0.8634126782417297, 0.8636113405227661, 0.8637679219245911, 0.8636187314987183, 0.8638646006584167, 0.8639655113220215, 0.8640499114990234, 0.8642576336860657, 0.8642942905426025, 0.864287257194519, 0.8644488453865051, 0.8645357489585876, 0.8647357821464539, 0.8648318648338318, 0.8648585677146912, 0.865013837814331, 0.8650968074798584, 0.8651061058044434, 0.8652440905570984, 0.8653144836425781, 0.8654283285140991, 0.8654796481132507, 0.8654976487159729, 0.8654918074607849, 0.8657386898994446, 0.8658266663551331, 0.8660297989845276, 0.8659465909004211, 0.8659160137176514, 0.8660290241241455, 0.8661900758743286, 0.8662458658218384, 0.86625075340271, 0.8663219809532166, 0.8663758039474487, 0.8665311336517334, 0.866425096988678, 0.866580069065094, 0.8666360378265381, 0.8666918277740479, 0.8668408393859863, 0.866775393486023, 0.8667451739311218, 0.8668375611305237, 0.8669494986534119, 0.8670791983604431, 0.867085874080658, 0.8671318888664246, 0.8671653866767883, 0.8669813871383667, 0.8671894073486328, 0.8673089146614075, 0.8669084310531616, 0.8673480153083801],