{"loss": [0.6347876787185669, 0.5527917146682739, 0.5306393504142761, 0.5190632939338684, 0.5124188661575317, 0.5063388347625732, 0.5028657913208008, 0.4996083378791809, 0.49669066071510315, 0.4945777356624603, 0.49315425753593445, 0.49163827300071716, 0.49032163619995117, 0.48909980058670044, 0.488085001707077, 0.48728179931640625, 0.4865431487560272, 0.485760897397995, 0.48496612906455994, 0.4840499460697174, 0.48382243514060974, 0.482864648103714, 0.4825569689273834, 0.48200345039367676, 0.48183125257492065, 0.48133739829063416, 0.48112717270851135, 0.4807668626308441, 0.480597585439682, 0.48005563020706177, 0.47991061210632324, 0.4795873463153839, 0.4792746901512146, 0.4790620505809784, 0.47888249158859253, 0.4787733554840088, 0.4785805940628052, 0.47825273871421814, 0.4783366918563843, 0.478220134973526, 0.47782349586486816, 0.477785587310791, 0.4775596261024475, 0.47748175263404846, 0.47752606868743896, 0.47727885842323303, 0.4772230386734009, 0.4771055281162262, 0.47692668437957764, 0.47692710161209106, 0.4765983521938324, 0.4765719771385193, 0.47656434774398804, 0.47616860270500183, 0.4762411415576935, 0.47604304552078247, 0.47601789236068726, 0.4758635461330414, 0.47584208846092224, 0.4759869873523712, 0.4757373332977295, 0.4756193459033966, 0.4756343364715576, 0.4756350517272949, 0.4753197133541107, 0.4754127264022827, 0.47518205642700195, 0.4750283360481262, 0.47522011399269104, 0.4750964045524597, 0.4749928414821625, 0.4747154414653778, 0.47485581040382385, 0.47485408186912537, 0.47475284337997437, 0.47458937764167786, 0.4745466709136963, 0.4746379554271698, 0.47436583042144775, 0.4744328558444977, 0.4743545353412628, 0.4742472767829895, 0.47421175241470337, 0.4740721881389618, 0.4740866422653198, 0.47396987676620483, 0.4740019142627716, 0.47398343682289124, 0.47384053468704224, 0.4739370048046112, 0.4738208055496216, 0.4738157391548157, 0.473789781332016, 0.4737287163734436, 0.4735795557498932, 0.4736276865005493, 0.473693311214447, 0.47345149517059326, 0.473471075296402, 0.4735279083251953], "accuracy": [0.6634767651557922, 0.7293777465820312, 0.7418002486228943, 0.7481947541236877, 0.7520057559013367, 0.7550234794616699, 0.7570087313652039, 0.7586855292320251, 0.7603252530097961, 0.7615657448768616, 0.7622872591018677, 0.7630667686462402, 0.7638472318649292, 0.7644529938697815, 0.7650460004806519, 0.7655187249183655, 0.7659174799919128, 0.7662202715873718, 0.7669295072555542, 0.7673507332801819, 0.7674107551574707, 0.7680142521858215, 0.7681854963302612, 0.768551766872406, 0.7685449719429016, 0.7688882350921631, 0.768900990486145, 0.7692109942436218, 0.7694309949874878, 0.7696047425270081, 0.7697017788887024, 0.7697322368621826, 0.7699937224388123, 0.7700322270393372, 0.770338773727417, 0.7702977657318115, 0.7704327702522278, 0.7706222534179688, 0.7703472375869751, 0.7705065011978149, 0.7706829905509949, 0.7707614898681641, 0.7709232568740845, 0.7709705233573914, 0.7707457542419434, 0.771059513092041, 0.7711150050163269, 0.7712154984474182, 0.7712385058403015, 0.7711862325668335, 0.7713285088539124, 0.7714505195617676, 0.7715175151824951, 0.771741509437561, 0.77164626121521, 0.7716297507286072, 0.7717177271842957, 0.771801769733429, 0.7717302441596985, 0.7716822624206543, 0.7720159888267517, 0.7721105217933655, 0.7719922661781311, 0.7718489766120911, 0.7721024751663208, 0.7720249891281128, 0.7722610235214233, 0.7724649906158447, 0.7721419930458069, 0.7722585201263428, 0.7722662687301636, 0.7724907398223877, 0.772504985332489, 0.7723510265350342, 0.7724122405052185, 0.7725740075111389, 0.7726797461509705, 0.7727012634277344, 0.7727220058441162, 0.7726320028305054, 0.7727072238922119, 0.7728037238121033, 0.7727172374725342, 0.7728087306022644, 0.7728829979896545, 0.7729424834251404, 0.7729035019874573, 0.7728869915008545, 0.7727934718132019, 0.7729942202568054, 0.7730004787445068, 0.772975504398346, 0.7729842662811279, 0.7729557752609253, 0.7730292677879333, 0.7731350064277649, 0.7730072736740112, 0.7731540203094482, 0.7731212377548218, 0.7729332447052002], "auc": [0.7289824485778809, 0.806809663772583, 0.821958065032959, 0.829549252986908, 0.8338020443916321, 0.8377512693405151, 0.8398535251617432, 0.8418885469436646, 0.8437293171882629, 0.8450168371200562, 0.845859169960022, 0.8467950820922852, 0.8475756645202637, 0.8483437895774841, 0.8489499688148499, 0.8494348526000977, 0.8498967289924622, 0.8503271341323853, 0.8508763909339905, 0.8514518737792969, 0.8515556454658508, 0.8521565198898315, 0.8523256778717041, 0.8526780009269714, 0.8527564406394958, 0.8530653119087219, 0.8531749248504639, 0.8534184098243713, 0.8535181879997253, 0.8538703918457031, 0.8539351224899292, 0.8541392683982849, 0.8543313145637512, 0.8544712662696838, 0.8545640110969543, 0.8546582460403442, 0.8547435998916626, 0.8549532890319824, 0.8548896908760071, 0.8549476861953735, 0.8552131652832031, 0.855242133140564, 0.8553795218467712, 0.8554083704948425, 0.855372428894043, 0.8555708527565002, 0.8555819392204285, 0.8556658625602722, 0.8557729721069336, 0.8557497262954712, 0.8559674620628357, 0.8559742569923401, 0.856002688407898, 0.8562363386154175, 0.8561881184577942, 0.8563173413276672, 0.8563319444656372, 0.8564302325248718, 0.8564178347587585, 0.8563283681869507, 0.8565152287483215, 0.8565974235534668, 0.856555700302124, 0.8565557599067688, 0.8567660450935364, 0.8567217588424683, 0.8568525314331055, 0.8569697141647339, 0.8568344712257385, 0.8568933010101318, 0.8569590449333191, 0.8571524024009705, 0.8570483326911926, 0.8570521473884583, 0.8571022748947144, 0.8572040796279907, 0.8572444915771484, 0.8571867942810059, 0.8573699593544006, 0.857308566570282, 0.8573349714279175, 0.8574201464653015, 0.8574198484420776, 0.8575326800346375, 0.8575013875961304, 0.8575587868690491, 0.8575643301010132, 0.8575639128684998, 0.8576472997665405, 0.8575916886329651, 0.857683002948761, 0.8576884269714355, 0.8576982021331787, 0.8577459454536438, 0.8578333258628845, 0.8578300476074219, 0.8577702045440674, 0.8579111695289612, 0.857904314994812, 0.8578696250915527],