{"loss": [0.6155847907066345, 0.5470511317253113, 0.5270519256591797, 0.5170688629150391, 0.5109297037124634, 0.5061593055725098, 0.50264573097229, 0.49962055683135986, 0.4977412819862366, 0.49548739194869995, 0.4939391314983368, 0.4925272464752197, 0.49120211601257324, 0.48996445536613464, 0.4888637363910675, 0.48795363306999207, 0.4869518578052521, 0.4864242374897003, 0.4857369661331177, 0.48507028818130493, 0.4844992160797119, 0.48392871022224426, 0.4834205210208893, 0.4828808307647705, 0.48251211643218994, 0.4821450412273407, 0.48177528381347656, 0.48152413964271545, 0.481149822473526, 0.4806075990200043, 0.4803113341331482, 0.48015278577804565, 0.48001331090927124, 0.47963324189186096, 0.47938668727874756, 0.47910356521606445, 0.4790457487106323, 0.47865137457847595, 0.4786776602268219, 0.4784028232097626, 0.4781050682067871, 0.47821149230003357, 0.4779127240180969, 0.4776338040828705, 0.47744303941726685, 0.47771909832954407, 0.4771859347820282, 0.47713133692741394, 0.4770093858242035, 0.4768865704536438, 0.476850688457489, 0.4767422676086426, 0.47658419609069824, 0.47663766145706177, 0.4763161540031433, 0.47618940472602844, 0.47620701789855957, 0.47616276144981384, 0.4761185646057129, 0.4760242700576782, 0.4761074185371399, 0.4757658839225769, 0.47581276297569275, 0.47588232159614563, 0.47568365931510925, 0.47564899921417236, 0.47560805082321167, 0.4756779372692108, 0.4753674268722534, 0.4753168523311615, 0.47541865706443787, 0.475180447101593, 0.4751940071582794, 0.4751317799091339, 0.4752282202243805, 0.47519922256469727, 0.474999338388443, 0.47491255402565, 0.4748653769493103, 0.4748638868331909, 0.474859356880188, 0.4748551547527313, 0.47463393211364746, 0.47476038336753845, 0.47458702325820923, 0.47446078062057495, 0.47470685839653015, 0.47448378801345825, 0.47459205985069275, 0.47440266609191895, 0.4744967520236969, 0.4742850065231323, 0.4741531014442444, 0.4741699993610382, 0.47407081723213196, 0.4742407500743866, 0.47420576214790344, 0.4741174578666687, 0.4740105867385864, 0.47409865260124207], "accuracy": [0.6854202747344971, 0.7339097261428833, 0.7442474961280823, 0.7497239708900452, 0.7531610131263733, 0.7555302381515503, 0.7575305104255676, 0.7592352628707886, 0.7599572539329529, 0.7611724734306335, 0.7620602250099182, 0.7628902792930603, 0.7634894847869873, 0.7640939950942993, 0.7647334933280945, 0.7653552293777466, 0.7657202482223511, 0.7660030126571655, 0.7663452625274658, 0.7667095065116882, 0.7671480178833008, 0.7672847509384155, 0.7676742672920227, 0.7679725289344788, 0.7683244943618774, 0.7684245109558105, 0.7685189843177795, 0.7688527703285217, 0.7689164876937866, 0.7692434787750244, 0.7695004940032959, 0.7695502638816833, 0.7696792483329773, 0.769923746585846, 0.7699300050735474, 0.7701132297515869, 0.7702772617340088, 0.7704097628593445, 0.7702982425689697, 0.7704777717590332, 0.7705382704734802, 0.7705317735671997, 0.7707617282867432, 0.7708705067634583, 0.7709412574768066, 0.7708942294120789, 0.7712810039520264, 0.7712442278862, 0.7714052796363831, 0.7714542746543884, 0.7712839841842651, 0.7712482213973999, 0.7714394927024841, 0.7716115117073059, 0.7716885209083557, 0.7717949748039246, 0.7718687653541565, 0.7717869877815247, 0.7718790173530579, 0.7717587351799011, 0.7718610167503357, 0.7719985246658325, 0.7719359993934631, 0.7719104886054993, 0.7719412446022034, 0.7718822360038757, 0.7720054984092712, 0.7719207406044006, 0.7721880078315735, 0.7722970247268677, 0.7721762657165527, 0.7721747756004333, 0.772229015827179, 0.772225022315979, 0.7722830176353455, 0.7721937298774719, 0.7725827693939209, 0.7724459767341614, 0.7723632454872131, 0.7725762724876404, 0.7724377512931824, 0.7724214792251587, 0.7726977467536926, 0.772315502166748, 0.7726020216941833, 0.7727954983711243, 0.7725195288658142, 0.7726209759712219, 0.7726160287857056, 0.7726569771766663, 0.772604763507843, 0.7727457284927368, 0.7729319930076599, 0.7727234959602356, 0.7728790044784546, 0.7726975083351135, 0.772919237613678, 0.7726912498474121, 0.7730249762535095, 0.7729355096817017], "auc": [0.754630982875824, 0.8126427531242371, 0.8252687454223633, 0.831480860710144, 0.8352683782577515, 0.8382731080055237, 0.8404275178909302, 0.8422743678092957, 0.8433144688606262, 0.8446741700172424, 0.845572292804718, 0.8463848829269409, 0.8471172451972961, 0.8478631973266602, 0.8484984040260315, 0.8490674495697021, 0.8496412038803101, 0.8499104380607605, 0.8503033518791199, 0.8507234454154968, 0.8510664105415344, 0.8514177203178406, 0.8517328500747681, 0.8520707488059998, 0.8522801399230957, 0.852519154548645, 0.8527316451072693, 0.8529132008552551, 0.8531516790390015, 0.8535094857215881, 0.8536908626556396, 0.8537718057632446, 0.8538758754730225, 0.8540935516357422, 0.8542545437812805, 0.8544073700904846, 0.8544467687606812, 0.8546820878982544, 0.8546768426895142, 0.8548415303230286, 0.8550344705581665, 0.8549299240112305, 0.855158269405365, 0.855308473110199, 0.8554351925849915, 0.8552506566047668, 0.8555908203125, 0.8556290864944458, 0.8557078242301941, 0.855777382850647, 0.8557744026184082, 0.8558487892150879, 0.8559439182281494, 0.855924665927887, 0.8561310172080994, 0.8562064170837402, 0.8562065362930298, 0.8562141060829163, 0.8562681674957275, 0.8563277125358582, 0.8562639951705933, 0.8564770221710205, 0.856439471244812, 0.8564140796661377, 0.856512188911438, 0.8565642237663269, 0.8565702438354492, 0.8565119504928589, 0.856742262840271, 0.8567512035369873, 0.8566902875900269, 0.8568392992019653, 0.8568055033683777, 0.8568496704101562, 0.8568190932273865, 0.8568153977394104, 0.8569474816322327, 0.8569820523262024, 0.8570429086685181, 0.857032060623169, 0.8570513725280762, 0.8570218682289124, 0.8571714758872986, 0.857073187828064, 0.8572048544883728, 0.8572977781295776, 0.8571052551269531, 0.8572647571563721, 0.8571851253509521, 0.857306957244873, 0.8572422862052917, 0.8573785424232483, 0.8574697971343994, 0.8574227690696716, 0.8575038909912109, 0.8574163913726807, 0.857420802116394, 0.8574523329734802, 0.8575518727302551, 0.8574942350387573],