{"loss": [0.6210299134254456, 0.540280818939209, 0.5187244415283203, 0.5093411207199097, 0.5041543245315552, 0.5003238916397095, 0.49782082438468933, 0.4954271614551544, 0.4936697483062744, 0.49235770106315613, 0.4913582503795624, 0.49020227789878845, 0.48955345153808594, 0.48872894048690796, 0.4882607161998749, 0.4876514673233032, 0.4870270788669586, 0.4864346981048584, 0.48629531264305115, 0.48592567443847656, 0.4856601059436798, 0.48531073331832886, 0.4848591685295105, 0.4844842851161957, 0.4842982292175293, 0.4842197000980377, 0.483809232711792, 0.48358607292175293, 0.4833834767341614, 0.48331186175346375, 0.48326361179351807, 0.4828174412250519, 0.48270365595817566, 0.4825425148010254, 0.4824693202972412, 0.4823417663574219, 0.48211437463760376, 0.48210692405700684, 0.4821408987045288, 0.48175251483917236, 0.4817303717136383, 0.4814601540565491, 0.48168158531188965, 0.4813045561313629, 0.48135629296302795, 0.481329083442688, 0.4811750650405884, 0.48124411702156067, 0.4810582101345062, 0.4810051918029785, 0.48085880279541016, 0.48082634806632996, 0.480876088142395, 0.4808242619037628, 0.4807153046131134, 0.4806233048439026, 0.48060646653175354, 0.4806160628795624, 0.4805007576942444, 0.4803750216960907, 0.48027098178863525, 0.4804171323776245, 0.4802483022212982, 0.4803987443447113, 0.48034030199050903, 0.4800674319267273, 0.48013967275619507, 0.4800053536891937, 0.4800032675266266, 0.4798853099346161, 0.4798831641674042, 0.47971659898757935, 0.47978177666664124, 0.47980427742004395, 0.4798380732536316, 0.47966501116752625, 0.47968852519989014, 0.4795319736003876, 0.47956860065460205, 0.4794001281261444, 0.4796377718448639, 0.47965630888938904, 0.4792870581150055, 0.47948557138442993, 0.47940534353256226, 0.4794526994228363, 0.4792053699493408, 0.47920963168144226, 0.4792173504829407, 0.47917425632476807, 0.47913476824760437, 0.47893157601356506, 0.4791692793369293, 0.4789660573005676, 0.47914808988571167, 0.47901275753974915, 0.4789386987686157, 0.4790177047252655, 0.4788287281990051, 0.47895780205726624], "accuracy": [0.6759727597236633, 0.7361787557601929, 0.7471397519111633, 0.751592755317688, 0.7543782591819763, 0.7562572360038757, 0.7578062415122986, 0.7592604756355286, 0.760151743888855, 0.761006236076355, 0.7613160014152527, 0.7620800137519836, 0.7626552581787109, 0.7631350159645081, 0.7634662389755249, 0.7638404965400696, 0.7641312479972839, 0.7642367482185364, 0.7644695043563843, 0.7646909952163696, 0.7648220062255859, 0.7650529742240906, 0.7653947472572327, 0.7656139731407166, 0.765720009803772, 0.7656909823417664, 0.7660502791404724, 0.766116738319397, 0.7661957740783691, 0.7662027478218079, 0.7663192749023438, 0.7666155099868774, 0.7665277719497681, 0.7668472528457642, 0.7667252421379089, 0.7669192552566528, 0.7668824791908264, 0.7670620083808899, 0.7670032382011414, 0.7670712471008301, 0.7674735188484192, 0.767541229724884, 0.7672882676124573, 0.7676432728767395, 0.7674462795257568, 0.7675967216491699, 0.7675790190696716, 0.7675824761390686, 0.7676992416381836, 0.7676542401313782, 0.7678652405738831, 0.7680032253265381, 0.7677117586135864, 0.7678277492523193, 0.7679319977760315, 0.7678940296173096, 0.7680274844169617, 0.768041729927063, 0.7678197622299194, 0.7680100202560425, 0.768067479133606, 0.7680280208587646, 0.7680724859237671, 0.7680695056915283, 0.7681012749671936, 0.7682837247848511, 0.7683089971542358, 0.7683069705963135, 0.7684124708175659, 0.7683742642402649, 0.7683110237121582, 0.7684919834136963, 0.7683577537536621, 0.768491268157959, 0.7685325145721436, 0.7686125040054321, 0.7683802247047424, 0.7685394883155823, 0.7683882713317871, 0.7686560153961182, 0.7685847282409668, 0.7683967351913452, 0.7687000036239624, 0.7686042785644531, 0.7685927748680115, 0.7685794830322266, 0.768724262714386, 0.7688094973564148, 0.7686997652053833, 0.7687757611274719, 0.7687960267066956, 0.7689862251281738, 0.7688907384872437, 0.7689732313156128, 0.7686887383460999, 0.7689105272293091, 0.7689399719238281, 0.7689792513847351, 0.7691487669944763, 0.7686194777488708], "auc": [0.7472150921821594, 0.8157945275306702, 0.8288159966468811, 0.8342704176902771, 0.8373703956604004, 0.8397284150123596, 0.8413071036338806, 0.8428274393081665, 0.8439693450927734, 0.8447678685188293, 0.8453890681266785, 0.8461553454399109, 0.8465627431869507, 0.8471119403839111, 0.8474153876304626, 0.8478233814239502, 0.84825599193573, 0.8486060500144958, 0.8487178683280945, 0.8489463329315186, 0.8491446375846863, 0.8493747711181641, 0.8496713638305664, 0.849938154220581, 0.8500359058380127, 0.8501026630401611, 0.8503814935684204, 0.8505262136459351, 0.8506456017494202, 0.8506618142127991, 0.8507331013679504, 0.8510445356369019, 0.8510873913764954, 0.8511919379234314, 0.8512402772903442, 0.8513332605361938, 0.8515139222145081, 0.8514881730079651, 0.8514909148216248, 0.8517618775367737, 0.8517894744873047, 0.8519654273986816, 0.8517941832542419, 0.8520599603652954, 0.852027177810669, 0.8520429730415344, 0.8521633744239807, 0.8520912528038025, 0.8522306084632874, 0.8522596955299377, 0.8523887991905212, 0.8524085879325867, 0.8523412346839905, 0.852402925491333, 0.8524766564369202, 0.8524907827377319, 0.8525165319442749, 0.8525435924530029, 0.8525970578193665, 0.8526816964149475, 0.852750301361084, 0.8526718020439148, 0.8527730703353882, 0.8526635766029358, 0.8527194261550903, 0.8528993129730225, 0.852878987789154, 0.8529475331306458, 0.8529791831970215, 0.8530436754226685, 0.8530357480049133, 0.8531484603881836, 0.8531030416488647, 0.8531022071838379, 0.8530784249305725, 0.8532029390335083, 0.8531607985496521, 0.8532781004905701, 0.8532373905181885, 0.8533452153205872, 0.8531979918479919, 0.8531723022460938, 0.85342937707901, 0.8532931804656982, 0.8533471822738647, 0.8533243536949158, 0.8534745573997498, 0.8534723520278931, 0.8534701466560364, 0.8534978032112122, 0.8535270094871521, 0.8536759614944458, 0.8534943461418152, 0.8536291718482971, 0.8535051345825195, 0.8536094427108765, 0.8536429405212402, 0.8536167740821838, 0.8537168502807617, 0.8536278605461121],