{"loss": [0.6335617899894714, 0.5498941540718079, 0.5277824401855469, 0.5158922672271729, 0.5094055533409119, 0.5036843419075012, 0.5001459717750549, 0.49734029173851013, 0.49448782205581665, 0.4925025403499603, 0.4908007085323334, 0.48931804299354553, 0.48794788122177124, 0.4870634973049164, 0.4862743318080902, 0.48527607321739197, 0.48461422324180603, 0.4837086796760559, 0.4831497073173523, 0.4825860559940338, 0.48226943612098694, 0.4817766845226288, 0.4814562499523163, 0.4808487892150879, 0.4804506301879883, 0.47999584674835205, 0.47990450263023376, 0.4796418249607086, 0.4793604910373688, 0.4789331257343292, 0.47873732447624207, 0.47823366522789, 0.4781465530395508, 0.47807931900024414, 0.4776734709739685, 0.47740915417671204, 0.4772619903087616, 0.47719937562942505, 0.4769342541694641, 0.47659415006637573, 0.4763796627521515, 0.47649508714675903, 0.4761124551296234, 0.4759971499443054, 0.47580355405807495, 0.4757353365421295, 0.47552967071533203, 0.475538432598114, 0.4754886031150818, 0.47504955530166626, 0.47487157583236694, 0.47472715377807617, 0.4748590886592865, 0.4746231734752655, 0.4741840064525604, 0.47441527247428894, 0.474234014749527, 0.47433051466941833, 0.47418728470802307, 0.4737795293331146, 0.47390681505203247, 0.4738023579120636, 0.47374245524406433, 0.47340691089630127, 0.4734717011451721, 0.47350966930389404, 0.4733130931854248, 0.47334447503089905, 0.47304266691207886, 0.47309428453445435, 0.4731166660785675, 0.47304651141166687, 0.472798615694046, 0.4729674160480499, 0.47294777631759644, 0.4728703796863556, 0.4728889465332031, 0.47256743907928467, 0.47270503640174866, 0.4725099205970764, 0.47258439660072327, 0.47247403860092163, 0.47258296608924866, 0.47239917516708374, 0.47231969237327576, 0.4722878038883209, 0.4722816050052643, 0.472476065158844, 0.4723391830921173, 0.4722539484500885, 0.47225290536880493, 0.47205907106399536, 0.4719863533973694, 0.472165048122406, 0.47177332639694214, 0.4720858037471771, 0.4720439314842224, 0.47174668312072754, 0.471763014793396, 0.4717881679534912], "accuracy": [0.6653852462768555, 0.7310817241668701, 0.7437065243721008, 0.7498352527618408, 0.753397524356842, 0.7565374970436096, 0.758416473865509, 0.759819507598877, 0.7614472508430481, 0.7624599933624268, 0.7634444832801819, 0.7644387483596802, 0.7651562690734863, 0.7657457590103149, 0.7660794854164124, 0.7667427659034729, 0.7670657634735107, 0.7676602602005005, 0.7678962349891663, 0.7683259844779968, 0.7686062455177307, 0.7687027454376221, 0.7689547538757324, 0.7693127393722534, 0.7695710062980652, 0.7700420022010803, 0.7698827385902405, 0.7700024843215942, 0.7701925039291382, 0.7704917788505554, 0.77070152759552, 0.7709295153617859, 0.7709954977035522, 0.7710679769515991, 0.771236777305603, 0.7714982628822327, 0.771511971950531, 0.7715912461280823, 0.7717704772949219, 0.7719525098800659, 0.7719334959983826, 0.7719532251358032, 0.7720992565155029, 0.7721614837646484, 0.7722827792167664, 0.772418737411499, 0.7724637389183044, 0.7725719809532166, 0.7723657488822937, 0.77283775806427, 0.772859513759613, 0.7728794813156128, 0.772763729095459, 0.7731507420539856, 0.7732945084571838, 0.7731467485427856, 0.7732662558555603, 0.773286759853363, 0.7732537388801575, 0.7735249996185303, 0.7732945084571838, 0.7736300230026245, 0.7737460136413574, 0.7736072540283203, 0.7738190293312073, 0.7735564708709717, 0.7737542390823364, 0.7737457752227783, 0.7738720178604126, 0.7740210294723511, 0.7740254998207092, 0.7738457322120667, 0.7741590142250061, 0.7741467356681824, 0.7740767598152161, 0.7741299867630005, 0.7741217613220215, 0.7744717597961426, 0.7740370035171509, 0.7743532657623291, 0.7741559743881226, 0.774373471736908, 0.7742087244987488, 0.7744359970092773, 0.7745165228843689, 0.7743750214576721, 0.7744234800338745, 0.7743562459945679, 0.7742980122566223, 0.774447500705719, 0.7745487689971924, 0.7745879888534546, 0.7743995189666748, 0.7745412588119507, 0.7745732665061951, 0.7746654748916626, 0.7744845151901245, 0.7747495174407959, 0.7746700048446655, 0.7747085094451904], "auc": [0.7311917543411255, 0.809363067150116, 0.823965847492218, 0.8315392136573792, 0.8354970216751099, 0.8391302824020386, 0.8413034081459045, 0.8430284857749939, 0.8448697924613953, 0.8461253643035889, 0.8472557067871094, 0.8482142686843872, 0.8490660786628723, 0.8496748805046082, 0.8501564264297485, 0.8508584499359131, 0.8512598276138306, 0.8518518209457397, 0.8521857261657715, 0.8525634407997131, 0.8527700304985046, 0.8530579805374146, 0.8533040881156921, 0.8537219762802124, 0.8539817333221436, 0.8542733192443848, 0.8543171882629395, 0.8545150756835938, 0.8546798825263977, 0.8549621105194092, 0.8551059365272522, 0.8554170727729797, 0.8554744124412537, 0.8555142879486084, 0.8558053374290466, 0.855976402759552, 0.8560538291931152, 0.8561004400253296, 0.8562819957733154, 0.85652095079422, 0.8566436171531677, 0.8565420508384705, 0.856813907623291, 0.8568718433380127, 0.856998860836029, 0.857079803943634, 0.8571820855140686, 0.857200026512146, 0.8572108149528503, 0.8575035333633423, 0.8576070666313171, 0.8577061295509338, 0.8575960397720337, 0.8577769994735718, 0.8580564260482788, 0.8579081296920776, 0.8580272197723389, 0.8579537272453308, 0.8580458164215088, 0.858330488204956, 0.8582372069358826, 0.8583259582519531, 0.8583455681800842, 0.8585667610168457, 0.858518123626709, 0.8584697246551514, 0.8586195111274719, 0.8586201667785645, 0.8587793707847595, 0.8587563633918762, 0.8587551712989807, 0.8587790727615356, 0.858975350856781, 0.8588408827781677, 0.8588700890541077, 0.8589209914207458, 0.8589087128639221, 0.8591300249099731, 0.8590030670166016, 0.859154462814331, 0.8591142296791077, 0.8592020273208618, 0.8591194748878479, 0.8592592477798462, 0.8593043684959412, 0.8593102693557739, 0.8593118190765381, 0.8592098355293274, 0.8592783212661743, 0.8593279719352722, 0.8593642115592957, 0.8594673275947571, 0.8595051169395447, 0.85938960313797, 0.8596228957176208, 0.8594551682472229, 0.8594775795936584, 0.8596723079681396, 0.859656035900116, 0.8596557974815369],